/*==============================================================*/
/* DBMS name:      MySQL 5.0                                    */
/* Dibuat ulang agar 100% kompatibel XAMPP (MySQL 5.7+/MariaDB) */
/*==============================================================*/


SET FOREIGN_KEY_CHECKS = 0;
CREATE DATABASE skripsi;
USE skripsi;
DROP TABLE IF EXISTS BIAYA_OPERASIONAL;
DROP TABLE IF EXISTS DETAIL_NOTA_JUAL;
DROP TABLE IF EXISTS DETAIL_TRANSFER_BARANG;
DROP TABLE IF EXISTS MASTER_BARANG;
DROP TABLE IF EXISTS MASTER_KATEGORI_BARANG;
DROP TABLE IF EXISTS MASTER_LOKASI;
DROP TABLE IF EXISTS MASTER_MEREK;
DROP TABLE IF EXISTS MASTER_SUPPLIER;
DROP TABLE IF EXISTS MASTER_TIPE_BIAYA_OPERASIONAL;
DROP TABLE IF EXISTS MUTASI_BARANG_RUSAK;
DROP TABLE IF EXISTS NOTA_JUAL;
DROP TABLE IF EXISTS PERHITUNGAN_EOQ;
DROP TABLE IF EXISTS PERHITUNGAN_POQ;
DROP TABLE IF EXISTS PESAN_BARANG;
DROP TABLE IF EXISTS STOCK;
DROP TABLE IF EXISTS STOCK_HISTORY;
DROP TABLE IF EXISTS STOCK_OPNAME;
DROP TABLE IF EXISTS TRANSFER_BARANG;
DROP TABLE IF EXISTS USERS;
SET FOREIGN_KEY_CHECKS = 1;

/*==============================================================*/
/* Table: BIAYA_OPERASIONAL                                     */
/*==============================================================*/
CREATE TABLE BIAYA_OPERASIONAL (
   ID_COST                      VARCHAR(8) NOT NULL,
   KD_LOKASI                    VARCHAR(8),
   KD_TIPE_BIAYA_OPERASIONAL    VARCHAR(16),
   JUMLAH_BIAYA                 DECIMAL(20,2),
   PERIODE                      ENUM('HARIAN','BULANAN','TAHUNAN'),
   LAST_UPDATED                 TIMESTAMP DEFAULT CURRENT_TIMESTAMP ON UPDATE CURRENT_TIMESTAMP,
   PRIMARY KEY (ID_COST)
);

/*==============================================================*/
/* Table: DETAIL_NOTA_JUAL                                      */
/*==============================================================*/
CREATE TABLE DETAIL_NOTA_JUAL (
   ID_DNJB                      VARCHAR(16) NOT NULL,
   KD_BARANG                    VARCHAR(16),
   ID_NOTA_JUAL                 VARCHAR(16),
   JUMLAH_JUAL_BARANG           INT,
   HARGA_JUAL_BARANG            DECIMAL(20,2),
   PRIMARY KEY (ID_DNJB)
);

/*==============================================================*/
/* Table: DETAIL_TRANSFER_BARANG                                */
/*==============================================================*/
CREATE TABLE DETAIL_TRANSFER_BARANG (
   ID_DETAIL_TRANSFER_BARANG    VARCHAR(16) NOT NULL,
   ID_TRANSFER_BARANG           VARCHAR(16),
   KD_BARANG                    VARCHAR(16),
   JUMLAH_PESAN_TRANSFER_DUS    INT,
   JUMLAH_KIRIM_DUS             INT,
   JUMLAH_DITOLAK_DUS           INT,
   TOTAL_MASUK_DUS              INT,
   STATUS                       ENUM('DIPESAN', 'DIKIRIM', 'DIBATALKAN', 'SELESAI', 'TIDAK_DIKIRIM'),
   PRIMARY KEY (ID_DETAIL_TRANSFER_BARANG)
);

/*==============================================================*/
/* Table: MASTER_BARANG                                         */
/*==============================================================*/
CREATE TABLE MASTER_BARANG (
   KD_BARANG                    VARCHAR(16) NOT NULL,
   KD_KATEGORI_BARANG           VARCHAR(8),
   KD_SUPPLIER                  VARCHAR(8),
   KD_MEREK_BARANG              VARCHAR(8),
   NAMA_BARANG                  VARCHAR(256),
   BERAT                        INT,
   AVG_HARGA_BELI_PIECES        DECIMAL(20,2),
   HARGA_JUAL_BARANG_PIECES     DECIMAL(20,2),
   SATUAN_PERDUS                INT,
   LAST_UPDATED                 TIMESTAMP DEFAULT CURRENT_TIMESTAMP ON UPDATE CURRENT_TIMESTAMP,
   STATUS                       ENUM('AKTIF', 'TIDAK AKTIF'),
   PRIMARY KEY (KD_BARANG)
);

/*==============================================================*/
/* Master tables                                                        */
/*==============================================================*/
CREATE TABLE MASTER_KATEGORI_BARANG (
   KD_KATEGORI_BARANG   VARCHAR(8) NOT NULL,
   NAMA_KATEGORI        VARCHAR(256),
   STATUS               ENUM('AKTIF', 'TIDAK AKTIF'),
    PRIMARY KEY (KD_KATEGORI_BARANG)
);

CREATE TABLE MASTER_LOKASI (
   KD_LOKASI            VARCHAR(8) NOT NULL,
   NAMA_LOKASI          VARCHAR(256),
   TYPE_LOKASI          ENUM('gudang', 'toko'),
   ALAMAT_LOKASI        VARCHAR(256),
   MAX_STOCK_TOTAL      INT,
   SATUAN               ENUM('PIECES', 'DUS'),
   STATUS               ENUM('AKTIF', 'TIDAK AKTIF'),
   PRIMARY KEY (KD_LOKASI)
);

CREATE TABLE MASTER_MEREK (
   KD_MEREK_BARANG      VARCHAR(8) NOT NULL,
   NAMA_MEREK           VARCHAR(256),
   STATUS               ENUM('AKTIF', 'TIDAK AKTIF'),
    PRIMARY KEY (KD_MEREK_BARANG)
);

CREATE TABLE MASTER_SUPPLIER (
   KD_SUPPLIER          VARCHAR(8) NOT NULL,
   NAMA_SUPPLIER        VARCHAR(256),
   ALAMAT_SUPPLIER      VARCHAR(256),
   PIC_SUPPLIER         VARCHAR(256),
   NOTELP_SUPPLIER      VARCHAR(20),
   STATUS               ENUM('AKTIF', 'TIDAK AKTIF'),
    PRIMARY KEY (KD_SUPPLIER)
);

CREATE TABLE MASTER_TIPE_BIAYA_OPERASIONAL (
   KD_TIPE_BIAYA_OPERASIONAL VARCHAR(16) NOT NULL,
   NAMA_TIPE_BIAYA_OPERASIONAL VARCHAR(256),
   PRIMARY KEY (KD_TIPE_BIAYA_OPERASIONAL)
);

/*==============================================================*/
/* Lain-lain                                                            */
/*==============================================================*/
CREATE TABLE MUTASI_BARANG_RUSAK (
   ID_MUTASI_BARANG_RUSAK VARCHAR(16) NOT NULL,
   KD_BARANG              VARCHAR(16),
   KD_LOKASI              VARCHAR(8),
   UPDATED_BY             VARCHAR(8),
   JUMLAH_MUTASI_DUS      INT,
   SATUAN_PERDUS          INT,
   TOTAL_BARANG_PIECES    INT,
   HARGA_BARANG_PIECES    DECIMAL(20,2),
   TOTAL_UANG             DECIMAL(20,2),
   WAKTU_MUTASI           TIMESTAMP DEFAULT CURRENT_TIMESTAMP,
   PRIMARY KEY (ID_MUTASI_BARANG_RUSAK)
);

CREATE TABLE NOTA_JUAL (
   ID_NOTA_JUAL           VARCHAR(16) NOT NULL,
   ID_USERS               VARCHAR(8),
   KD_LOKASI              VARCHAR(8),
   WAKTU_NOTA             TIMESTAMP DEFAULT CURRENT_TIMESTAMP,
   GRAND_TOTAL            DECIMAL(20,2),
   PAJAK                  DECIMAL(20,2),
   PRIMARY KEY (ID_NOTA_JUAL)
);

CREATE TABLE PERHITUNGAN_EOQ (
   ID_EOQ                 VARCHAR(16) NOT NULL,
   KD_LOKASI              VARCHAR(8),
   DEMAND_RATE            INT,
   SETUP_COST             DECIMAL(20,2),
   HOLDING_COST           DECIMAL(20,2),
   INTERVAL_HARI          INT,
   WAKTU_EOQ              TIMESTAMP DEFAULT CURRENT_TIMESTAMP,
   PRIMARY KEY (ID_EOQ)
);

CREATE TABLE PERHITUNGAN_POQ (
   ID_POQ                 VARCHAR(16) NOT NULL,
   KD_BARANG              VARCHAR(16),
   KD_LOKASI              VARCHAR(8),
   ID_EOQ                 VARCHAR(16),
   DEMAND_RATE            INT,
   SETUP_COST             DECIMAL(20,2),
   HOLDING_COST           DECIMAL(20,2),
   LEAD_TIME              INT,
   INTERVAL_HARI          INT,
   STOCK_SEKARANG         INT,
   POQ_QUANTITY           INT,
   WAKTU_POQ              TIMESTAMP DEFAULT CURRENT_TIMESTAMP,
   PRIMARY KEY (ID_POQ)
);

CREATE TABLE PESAN_BARANG (
   ID_PESAN_BARANG        VARCHAR(16) NOT NULL,
   KD_LOKASI              VARCHAR(8),
   KD_BARANG              VARCHAR(16),
   ID_POQ                 VARCHAR(16),
   KD_SUPPLIER            VARCHAR(8),
   HARGA_PESAN_BARANG_DUS DECIMAL(20,2),
   BIAYA_PENGIRIMAAN      DECIMAL(20,2),
   JUMLAH_PESAN_BARANG_DUS INT,
   JUMLAH_DITOLAK_DUS     INT,
   TOTAL_MASUK_DUS        INT,
   TGL_EXPIRED            DATE,
   WAKTU_PESAN            TIMESTAMP DEFAULT CURRENT_TIMESTAMP,
   WAKTU_ESTIMASI_SAMPAI  TIMESTAMP NULL,
   WAKTU_SAMPAI           TIMESTAMP NULL,
   STATUS                 ENUM('DIPESAN','DIKIRIM','DIBATALKAN','SELESAI'),
   PRIMARY KEY (ID_PESAN_BARANG)
);

CREATE TABLE STOCK (
   KD_BARANG              VARCHAR(16) NOT NULL,
   KD_LOKASI              VARCHAR(8) NOT NULL,
   UPDATED_BY             VARCHAR(8),
   JUMLAH_BARANG          INT DEFAULT 0,
   LAST_UPDATED           TIMESTAMP DEFAULT CURRENT_TIMESTAMP ON UPDATE CURRENT_TIMESTAMP,
   JUMLAH_MIN_STOCK       INT,
   JUMLAH_MAX_STOCK       INT,
   SATUAN                 ENUM('PIECES', 'DUS'),
   PRIMARY KEY (KD_BARANG, KD_LOKASI)
);

CREATE TABLE STOCK_HISTORY (
   ID_HISTORY_STOCK       VARCHAR(16) NOT NULL,
   KD_BARANG              VARCHAR(16),
   KD_LOKASI              VARCHAR(8),
   UPDATED_BY             VARCHAR(8),
   JUMLAH_AWAL            INT,
   JUMLAH_PERUBAHAN       INT,
   JUMLAH_AKHIR           INT,
   TIPE_PERUBAHAN         ENUM('PEMESANAN', 'TRANSFER', 'OPNAME', 'RUSAK'),
   REF                    VARCHAR(16),
   SATUAN                 ENUM('PIECES', 'DUS'),
   WAKTU_CHANGE           TIMESTAMP DEFAULT CURRENT_TIMESTAMP,
   PRIMARY KEY (ID_HISTORY_STOCK)
);

CREATE TABLE STOCK_OPNAME (
   ID_OPNAME              VARCHAR(16) NOT NULL,
   KD_BARANG              VARCHAR(16),
   KD_LOKASI              VARCHAR(8),
   ID_USERS               VARCHAR(8),
   JUMLAH_SEBENARNYA      INT,
   JUMLAH_SISTEM          INT,
   SELISIH                INT,
   SATUAN                 ENUM('PIECES', 'DUS'),
   SATUAN_PERDUS          INT,
   TOTAL_BARANG_PIECES    INT,
   HARGA_BARANG_PIECES    DECIMAL(20,2),
   TOTAL_UANG             DECIMAL(20,2),
   WAKTU_OPNAME           TIMESTAMP DEFAULT CURRENT_TIMESTAMP,
   PRIMARY KEY (ID_OPNAME)
);

CREATE TABLE TRANSFER_BARANG (
   ID_TRANSFER_BARANG     VARCHAR(16) NOT NULL,
   ID_USERS_PENERIMA      VARCHAR(8),
   ID_USERS_PENGIRIM      VARCHAR(8),
   KD_LOKASI_ASAL         VARCHAR(8),
   KD_LOKASI_TUJUAN       VARCHAR(8),
   WAKTU_PESAN_TRANSFER   TIMESTAMP NULL,
   WAKTU_KIRIM_TRANSFER   TIMESTAMP NULL,
   WAKTU_SELESAI_TRANSFER    TIMESTAMP NULL,
   STATUS                 ENUM('DIPESAN', 'DIKIRIM', 'DIBATALKAN', 'SELESAI'),
   PRIMARY KEY (ID_TRANSFER_BARANG)
);

CREATE TABLE USERS (
   ID_USERS               VARCHAR(8) NOT NULL,
   KD_LOKASI              VARCHAR(8),
   KD_SUPPLIER            VARCHAR(8),
   NAMA                   VARCHAR(256),
   USERNAME               VARCHAR(256),
   PASSWORD               VARCHAR(256),
   STATUS                 ENUM('AKTIF', 'TIDAK AKTIF'),
   PRIMARY KEY (ID_USERS)
);

/*==============================================================*/
/* Foreign Keys (harus di paling akhir biar tidak error urutan) */
/*==============================================================*/

ALTER TABLE BIAYA_OPERASIONAL ADD CONSTRAINT FK_BIAYA_LOKASI FOREIGN KEY (KD_LOKASI) REFERENCES MASTER_LOKASI (KD_LOKASI);
ALTER TABLE BIAYA_OPERASIONAL ADD CONSTRAINT FK_BIAYA_TIPE FOREIGN KEY (KD_TIPE_BIAYA_OPERASIONAL) REFERENCES MASTER_TIPE_BIAYA_OPERASIONAL (KD_TIPE_BIAYA_OPERASIONAL);

ALTER TABLE DETAIL_NOTA_JUAL ADD CONSTRAINT FK_DNJ_BARANG FOREIGN KEY (KD_BARANG) REFERENCES MASTER_BARANG (KD_BARANG);
ALTER TABLE DETAIL_NOTA_JUAL ADD CONSTRAINT FK_DNJ_NOTA FOREIGN KEY (ID_NOTA_JUAL) REFERENCES NOTA_JUAL (ID_NOTA_JUAL);

ALTER TABLE DETAIL_TRANSFER_BARANG ADD CONSTRAINT FK_DT_TRANSFER FOREIGN KEY (ID_TRANSFER_BARANG) REFERENCES TRANSFER_BARANG (ID_TRANSFER_BARANG);
ALTER TABLE DETAIL_TRANSFER_BARANG ADD CONSTRAINT FK_DT_BARANG FOREIGN KEY (KD_BARANG) REFERENCES MASTER_BARANG (KD_BARANG);

ALTER TABLE MASTER_BARANG ADD CONSTRAINT FK_BARANG_MEREK FOREIGN KEY (KD_MEREK_BARANG) REFERENCES MASTER_MEREK (KD_MEREK_BARANG);
ALTER TABLE MASTER_BARANG ADD CONSTRAINT FK_BARANG_KATEGORI FOREIGN KEY (KD_KATEGORI_BARANG) REFERENCES MASTER_KATEGORI_BARANG (KD_KATEGORI_BARANG);
ALTER TABLE MASTER_BARANG ADD CONSTRAINT FK_BARANG_SUPPLIER FOREIGN KEY (KD_SUPPLIER) REFERENCES MASTER_SUPPLIER (KD_SUPPLIER);

ALTER TABLE MUTASI_BARANG_RUSAK ADD CONSTRAINT FK_MUTASI_BARANG FOREIGN KEY (KD_BARANG) REFERENCES MASTER_BARANG (KD_BARANG);
ALTER TABLE MUTASI_BARANG_RUSAK ADD CONSTRAINT FK_MUTASI_LOKASI FOREIGN KEY (KD_LOKASI) REFERENCES MASTER_LOKASI (KD_LOKASI);
ALTER TABLE MUTASI_BARANG_RUSAK ADD CONSTRAINT FK_MUTASI_USER FOREIGN KEY (UPDATED_BY) REFERENCES USERS (ID_USERS);

ALTER TABLE NOTA_JUAL ADD CONSTRAINT FK_NOTA_USER FOREIGN KEY (ID_USERS) REFERENCES USERS (ID_USERS);
ALTER TABLE NOTA_JUAL ADD CONSTRAINT FK_NOTA_LOKASI FOREIGN KEY (KD_LOKASI) REFERENCES MASTER_LOKASI (KD_LOKASI);

ALTER TABLE PERHITUNGAN_EOQ ADD CONSTRAINT FK_EOQ_LOKASI FOREIGN KEY (KD_LOKASI) REFERENCES MASTER_LOKASI (KD_LOKASI);

ALTER TABLE PERHITUNGAN_POQ ADD CONSTRAINT FK_POQ_BARANG FOREIGN KEY (KD_BARANG) REFERENCES MASTER_BARANG (KD_BARANG);
ALTER TABLE PERHITUNGAN_POQ ADD CONSTRAINT FK_POQ_LOKASI FOREIGN KEY (KD_LOKASI) REFERENCES MASTER_LOKASI (KD_LOKASI);
ALTER TABLE PERHITUNGAN_POQ ADD CONSTRAINT FK_POQ_EOQ FOREIGN KEY (ID_EOQ) REFERENCES PERHITUNGAN_EOQ (ID_EOQ);

ALTER TABLE PESAN_BARANG ADD CONSTRAINT FK_PESAN_BARANG FOREIGN KEY (KD_BARANG) REFERENCES MASTER_BARANG (KD_BARANG);
ALTER TABLE PESAN_BARANG ADD CONSTRAINT FK_PESAN_LOKASI FOREIGN KEY (KD_LOKASI) REFERENCES MASTER_LOKASI (KD_LOKASI);
ALTER TABLE PESAN_BARANG ADD CONSTRAINT FK_PESAN_POQ FOREIGN KEY (ID_POQ) REFERENCES PERHITUNGAN_POQ (ID_POQ);
ALTER TABLE PESAN_BARANG ADD CONSTRAINT FK_PESAN_SUPPLIER FOREIGN KEY (KD_SUPPLIER) REFERENCES MASTER_SUPPLIER (KD_SUPPLIER);

ALTER TABLE STOCK ADD CONSTRAINT FK_STOCK_BARANG FOREIGN KEY (KD_BARANG) REFERENCES MASTER_BARANG (KD_BARANG);
ALTER TABLE STOCK ADD CONSTRAINT FK_STOCK_LOKASI FOREIGN KEY (KD_LOKASI) REFERENCES MASTER_LOKASI (KD_LOKASI);
ALTER TABLE STOCK ADD CONSTRAINT FK_STOCK_USER FOREIGN KEY (UPDATED_BY) REFERENCES USERS (ID_USERS);

ALTER TABLE STOCK_HISTORY ADD CONSTRAINT FK_HIST_BARANG FOREIGN KEY (KD_BARANG) REFERENCES MASTER_BARANG (KD_BARANG);
ALTER TABLE STOCK_HISTORY ADD CONSTRAINT FK_HIST_LOKASI FOREIGN KEY (KD_LOKASI) REFERENCES MASTER_LOKASI (KD_LOKASI);
ALTER TABLE STOCK_HISTORY ADD CONSTRAINT FK_HIST_USER FOREIGN KEY (UPDATED_BY) REFERENCES USERS (ID_USERS);

ALTER TABLE STOCK_OPNAME ADD CONSTRAINT FK_OPNAME_BARANG FOREIGN KEY (KD_BARANG) REFERENCES MASTER_BARANG (KD_BARANG);
ALTER TABLE STOCK_OPNAME ADD CONSTRAINT FK_OPNAME_LOKASI FOREIGN KEY (KD_LOKASI) REFERENCES MASTER_LOKASI (KD_LOKASI);
ALTER TABLE STOCK_OPNAME ADD CONSTRAINT FK_OPNAME_USER FOREIGN KEY (ID_USERS) REFERENCES USERS (ID_USERS);

ALTER TABLE TRANSFER_BARANG ADD CONSTRAINT FK_TRF_PENGIRIM FOREIGN KEY (ID_USERS_PENGIRIM) REFERENCES USERS (ID_USERS);
ALTER TABLE TRANSFER_BARANG ADD CONSTRAINT FK_TRF_PENERIMA FOREIGN KEY (ID_USERS_PENERIMA) REFERENCES USERS (ID_USERS);
ALTER TABLE TRANSFER_BARANG ADD CONSTRAINT FK_TRF_ASAL FOREIGN KEY (KD_LOKASI_ASAL) REFERENCES MASTER_LOKASI (KD_LOKASI);
ALTER TABLE TRANSFER_BARANG ADD CONSTRAINT FK_TRF_TUJUAN FOREIGN KEY (KD_LOKASI_TUJUAN) REFERENCES MASTER_LOKASI (KD_LOKASI);

ALTER TABLE USERS ADD CONSTRAINT FK_USERS_LOKASI FOREIGN KEY (KD_LOKASI) REFERENCES MASTER_LOKASI (KD_LOKASI);
ALTER TABLE USERS ADD CONSTRAINT FK_USERS_SUPPLIER FOREIGN KEY (KD_SUPPLIER) REFERENCES MASTER_SUPPLIER (KD_SUPPLIER);

--
-- Dumping data untuk tabel `master_kategori_barang`
--
INSERT INTO `master_kategori_barang` (`KD_KATEGORI_BARANG`, `NAMA_KATEGORI`, `STATUS`) VALUES
('cx7xRUzL', 'Nugget', 'AKTIF'),
('N9YZGVmr', 'Sosis', 'AKTIF');

--
-- Dumping data untuk tabel `master_lokasi`
--
INSERT INTO `master_lokasi` (`KD_LOKASI`, `NAMA_LOKASI`, `TYPE_LOKASI`, `ALAMAT_LOKASI`, `MAX_STOCK_TOTAL`, `SATUAN`, `STATUS`) VALUES
('NRb2W8VG', 'Gudang Pusat Bekasi', 'gudang', 'Jl. Narogong Km.12 Bekasi', 2000, 'DUS', 'AKTIF'),
('NsHmYgfe', 'Toko Bekasi Timur', 'toko', 'Ruko Harapan Indah Boulevard', 5000, 'PIECES', 'AKTIF');

--
-- Dumping data untuk tabel `master_merek`
--
INSERT INTO `master_merek` (`KD_MEREK_BARANG`, `NAMA_MEREK`, `STATUS`) VALUES
('ckDceFJK', 'Fiesta', 'AKTIF'),
('N6EKB1pQ', 'So Nice', 'AKTIF');

--
-- Dumping data untuk tabel `master_supplier`
--
INSERT INTO `master_supplier` (`KD_SUPPLIER`, `NAMA_SUPPLIER`, `ALAMAT_SUPPLIER`, `PIC_SUPPLIER`, `NOTELP_SUPPLIER`, `STATUS`) VALUES
('NGP9zHgE', 'UD. Dingin Abadi', 'Cikarang', 'Ahmad', '081234567890', 'AKTIF'),
('NKnVD9E9', 'CV. Frozen Makmur', 'Depok', 'Siti', '02187998877', 'AKTIF');

--
-- Dumping data untuk tabel `master_barang`
--
INSERT INTO `master_barang` (`KD_BARANG`, `KD_KATEGORI_BARANG`, `KD_SUPPLIER`, `KD_MEREK_BARANG`, `NAMA_BARANG`, `BERAT`, `AVG_HARGA_BELI_PIECES`, `HARGA_JUAL_BARANG_PIECES`, `SATUAN_PERDUS`, `LAST_UPDATED`, `STATUS`) VALUES
('4aCSBjQPd3TzFd90', 'cx7xRUzL', NULL, 'ckDceFJK', 'Fiesta Chicken Nugget', 250, NULL, NULL, 25, '2025-11-21 09:43:02', 'AKTIF'),
('W8r1LuGwd932W3Zq', 'N9YZGVmr', NULL, 'N6EKB1pQ', 'So Nice Sosis Ayam Keju', 50, NULL, NULL, 10, '2025-11-21 09:43:24', 'AKTIF');

--
-- Dumping data untuk tabel `users`
--
INSERT INTO `users` (`ID_USERS`, `KD_LOKASI`, `KD_SUPPLIER`, `NAMA`, `USERNAME`, `PASSWORD`, `STATUS`) VALUES
('GDNGj825', 'NRb2W8VG', NULL, 'Yudi', 'gudang1', 'password', 'AKTIF'),
('OWNR3f8x', NULL, NULL, 'Kevin', 'owner', 'password', 'AKTIF'),
('TOKOeLig', 'NsHmYgfe', NULL, 'Hendro', 'toko1', 'password', 'AKTIF');

--
-- Dumping data untuk tabel `stock`
--
INSERT INTO `stock` (`KD_BARANG`, `KD_LOKASI`, `UPDATED_BY`, `JUMLAH_BARANG`, `LAST_UPDATED`, `JUMLAH_MIN_STOCK`, `JUMLAH_MAX_STOCK`, `SATUAN`) VALUES
('4aCSBjQPd3TzFd90', 'NRb2W8VG', 'OWNR3f8x', 0, '2025-11-21 09:44:11', NULL, 100, 'DUS'),
('4aCSBjQPd3TzFd90', 'NsHmYgfe', 'OWNR3f8x', 0, '2025-11-21 09:44:53', 30, 100, 'PIECES'),
('W8r1LuGwd932W3Zq', 'NRb2W8VG', 'OWNR3f8x', 0, '2025-11-21 09:44:30', NULL, 30, 'DUS'),
('W8r1LuGwd932W3Zq', 'NsHmYgfe', 'OWNR3f8x', 0, '2025-11-21 09:45:06', 10, 50, 'PIECES');

--


/* ============================================================= */
/* DATABASE SIAP 100% – IMPORT LANGSUNG DI phpMyAdmin!          */
/* ============================================================= */