-- ============================================================
-- DATA DUMMY UNTUK PERHITUNGAN POQ
-- ============================================================
-- Data ini digunakan untuk menghitung:
-- D (Demand Rate) - dari penjualan toko (NOTA_JUAL + DETAIL_NOTA_JUAL)
-- S (Setup Cost) - dari BIAYA_PENGIRIMAAN di PESAN_BARANG
-- L (Lead Time) - dari PESAN_BARANG yang sudah SELESAI
-- H (Holding Cost) - dari BIAYA_OPERASIONAL (sudah ada) + STOCK_HISTORY (dibawah)
-- ============================================================

-- 1. DATA PENJUALAN TOKO (untuk Demand Rate - D)
-- Penjualan selama 1 tahun terakhir untuk menghitung demand rate
-- Barang: 4aCSBjQPd3TzFd90 (Fiesta Chicken Nugget, SATUAN_PERDUS = 25)
-- Barang: W8r1LuGwd932W3Zq (So Nice Sosis, SATUAN_PERDUS = 10)
-- Lokasi: NsHmYgfe (Toko Bekasi Timur)

INSERT INTO `master_kategori_barang` (`KD_KATEGORI_BARANG`, `NAMA_KATEGORI`, `STATUS`) VALUES
('cx7xRUzL', 'Nugget', 'AKTIF'),
('N9YZGVmr', 'Sosis', 'AKTIF');

INSERT INTO `master_lokasi` (`KD_LOKASI`, `NAMA_LOKASI`, `TYPE_LOKASI`, `ALAMAT_LOKASI`, `MAX_STOCK_TOTAL`, `SATUAN`, `STATUS`) VALUES
('NRb2W8VG', 'Gudang Pusat Bekasi', 'gudang', 'Jl. Narogong Km.12 Bekasi', 2000, 'DUS', 'AKTIF'),
('NsHmYgfe', 'Toko Bekasi Timur', 'toko', 'Ruko Harapan Indah Boulevard', 5000, 'PIECES', 'AKTIF');

INSERT INTO `users` (`ID_USERS`, `KD_LOKASI`, `NAMA`, `USERNAME`, `PASSWORD`, `STATUS`) VALUES
('GDNGj825', 'NRb2W8VG', 'Yudi', 'gudang1', 'password', 'AKTIF'),
('OWNR3f8x', NULL, 'Kevin', 'owner', 'password', 'AKTIF'),
('TOKOeLig', 'NsHmYgfe', 'Hendro', 'toko1', 'password', 'AKTIF');

INSERT INTO `master_merek` (`KD_MEREK_BARANG`, `NAMA_MEREK`, `STATUS`) VALUES
('ckDceFJK', 'Fiesta', 'AKTIF'),
('N6EKB1pQ', 'So Nice', 'AKTIF');

INSERT INTO `master_supplier` (`KD_SUPPLIER`, `NAMA_SUPPLIER`, `ALAMAT_SUPPLIER`, `PIC_SUPPLIER`, `NOTELP_SUPPLIER`, `STATUS`) VALUES
('NGP9zHgE', 'UD. Dingin Abadi', 'Cikarang', 'Ahmad', '081234567890', 'AKTIF'),
('NKnVD9E9', 'CV. Frozen Makmur', 'Depok', 'Siti', '02187998877', 'AKTIF');

INSERT INTO `master_barang` (`KD_BARANG`, `KD_KATEGORI_BARANG`, `KD_SUPPLIER`, `KD_MEREK_BARANG`, `NAMA_BARANG`, `BERAT`, `AVG_HARGA_BELI_PIECES`, `HARGA_JUAL_BARANG_PIECES`, `SATUAN_PERDUS`, `GAMBAR_BARANG`, `LAST_UPDATED`, `STATUS`) VALUES
('4aCSBjQPd3TzFd90', 'cx7xRUzL', NULL, 'ckDceFJK', 'Fiesta Chicken Nugget', 250, 20000.00, 23000.00, 25, 'assets/images/barang/4aCSBjQPd3TzFd90_1764406049.webp', '2025-11-29 08:47:29', 'AKTIF'),
('W8r1LuGwd932W3Zq', 'N9YZGVmr', NULL, 'N6EKB1pQ', 'So Nice Sosis Ayam Keju', 50, 30000.00, 33000.00, 10, 'assets/images/barang/W8r1LuGwd932W3Zq_1764406076.jpeg', '2025-11-29 08:47:56', 'AKTIF');

-- STOCK untuk gudang dan toko
INSERT INTO `stock` (`KD_BARANG`, `KD_LOKASI`, `UPDATED_BY`, `JUMLAH_BARANG`, `JUMLAH_MIN_STOCK`, `JUMLAH_MAX_STOCK`, `SATUAN`, `LAST_UPDATED`) VALUES
-- Stock gudang (NRb2W8VG) - dalam DUS
('4aCSBjQPd3TzFd90', 'NRb2W8VG', 'GDNGj825', 101, NULL, 200, 'DUS', '2025-11-02 12:00:00'),
('W8r1LuGwd932W3Zq', 'NRb2W8VG', 'GDNGj825', 171, NULL, 300, 'DUS', '2025-11-02 12:30:00'),
-- Stock toko (NsHmYgfe) - dalam PIECES
('4aCSBjQPd3TzFd90', 'NsHmYgfe', 'TOKOeLig', 100, 30, 100, 'PIECES', '2025-11-29 08:47:06'),
('W8r1LuGwd932W3Zq', 'NsHmYgfe', 'TOKOeLig', 50, 10, 50, 'PIECES', '2025-11-29 08:47:06');

INSERT INTO `master_tipe_biaya_operasional` (`KD_TIPE_BIAYA_OPERASIONAL`, `NAMA_TIPE_BIAYA_OPERASIONAL`) VALUES
('TBOPA71z', 'Listrik'),
('TBOPc2gJ', 'Service'),
('TBOPFyrv', 'Gaji Karyawan'),
('TBOPNF2z', 'Pajak Bangunan'),
('TBOPUt7M', 'Air');

INSERT INTO `biaya_operasional` (`ID_COST`, `KD_LOKASI`, `KD_TIPE_BIAYA_OPERASIONAL`, `JUMLAH_BIAYA_UANG`, `PERIODE`, `LAST_UPDATED`) VALUES
('IBOP238AgneLUTNc', 'NRb2W8VG', 'TBOPc2gJ', 2000000.00, 'TAHUNAN', '2025-11-29 15:10:09'),
('IBOP9vY0gasd69rj', 'NRb2W8VG', 'TBOPFyrv', 6000000.00, 'BULANAN', '2025-11-29 15:09:24'),
('IBOPakb8ghVeCykp', 'NRb2W8VG', 'TBOPNF2z', 800000.00, 'TAHUNAN', '2025-11-29 15:09:49'),
('IBOPfA9egf6hB7tf', 'NRb2W8VG', 'TBOPA71z', 15000000.00, 'BULANAN', '2025-11-29 15:09:40'),
('IBOPq57SgWRg4qZC', 'NRb2W8VG', 'TBOPUt7M', 50000.00, 'BULANAN', '2025-11-29 15:09:07');

-- NOTA_JUAL untuk penjualan toko (1 tahun terakhir)
INSERT INTO `nota_jual` (`ID_NOTA_JUAL`, `ID_USERS`, `KD_LOKASI`, `WAKTU_NOTA`, `GRAND_TOTAL`, `PAJAK`) VALUES
-- Bulan 1 (Desember 2024)
('NTJB1a2b3c4d5e6f', 'TOKOeLig', 'NsHmYgfe', '2024-12-01 10:00:00', 575000.00, 57500.00),
('NTJB2b3c4d5e6f7', 'TOKOeLig', 'NsHmYgfe', '2024-12-05 14:30:00', 460000.00, 46000.00),
('NTJB3c4d5e6f7g8', 'TOKOeLig', 'NsHmYgfe', '2024-12-10 09:15:00', 345000.00, 34500.00),
('NTJB4d5e6f7g8h9', 'TOKOeLig', 'NsHmYgfe', '2024-12-15 16:45:00', 690000.00, 69000.00),
('NTJB5e6f7g8h9i0', 'TOKOeLig', 'NsHmYgfe', '2024-12-20 11:20:00', 230000.00, 23000.00),
('NTJB6f7g8h9i0j1', 'TOKOeLig', 'NsHmYgfe', '2024-12-25 13:00:00', 805000.00, 80500.00),
-- Bulan 2 (Januari 2025)
('NTJB7g8h9i0j1k2', 'TOKOeLig', 'NsHmYgfe', '2025-01-02 10:30:00', 575000.00, 57500.00),
('NTJB8h9i0j1k2l3', 'TOKOeLig', 'NsHmYgfe', '2025-01-08 15:00:00', 460000.00, 46000.00),
('NTJB9i0j1k2l3m4', 'TOKOeLig', 'NsHmYgfe', '2025-01-12 09:45:00', 345000.00, 34500.00),
('NTJB0j1k2l3m4n5', 'TOKOeLig', 'NsHmYgfe', '2025-01-18 14:20:00', 920000.00, 92000.00),
('NTJB1k2l3m4n5o6', 'TOKOeLig', 'NsHmYgfe', '2025-01-22 11:00:00', 230000.00, 23000.00),
('NTJB2l3m4n5o6p7', 'TOKOeLig', 'NsHmYgfe', '2025-01-28 16:30:00', 690000.00, 69000.00),
-- Bulan 3 (Februari 2025)
('NTJB3m4n5o6p7q8', 'TOKOeLig', 'NsHmYgfe', '2025-02-03 10:15:00', 575000.00, 57500.00),
('NTJB4n5o6p7q8r9', 'TOKOeLig', 'NsHmYgfe', '2025-02-07 13:45:00', 460000.00, 46000.00),
('NTJB5o6p7q8r9s0', 'TOKOeLig', 'NsHmYgfe', '2025-02-12 09:30:00', 345000.00, 34500.00),
('NTJB6p7q8r9s0t1', 'TOKOeLig', 'NsHmYgfe', '2025-02-17 15:20:00', 805000.00, 80500.00),
('NTJB7q8r9s0t1u2', 'TOKOeLig', 'NsHmYgfe', '2025-02-22 11:00:00', 230000.00, 23000.00),
('NTJB8r9s0t1u2v3', 'TOKOeLig', 'NsHmYgfe', '2025-02-27 14:00:00', 690000.00, 69000.00),
-- Bulan 4 (Maret 2025)
('NTJB9s0t1u2v3w4', 'TOKOeLig', 'NsHmYgfe', '2025-03-05 10:00:00', 575000.00, 57500.00),
('NTJB0t1u2v3w4x5', 'TOKOeLig', 'NsHmYgfe', '2025-03-10 13:30:00', 460000.00, 46000.00),
('NTJB1u2v3w4x5y6', 'TOKOeLig', 'NsHmYgfe', '2025-03-15 09:00:00', 345000.00, 34500.00),
('NTJB2v3w4x5y6z7', 'TOKOeLig', 'NsHmYgfe', '2025-03-20 16:00:00', 920000.00, 92000.00),
('NTJB3w4x5y6z7a8', 'TOKOeLig', 'NsHmYgfe', '2025-03-25 11:30:00', 230000.00, 23000.00),
('NTJB4x5y6z7a8b9', 'TOKOeLig', 'NsHmYgfe', '2025-03-30 14:15:00', 690000.00, 69000.00),
-- Bulan 5 (April 2025)
('NTJB5y6z7a8b9c0', 'TOKOeLig', 'NsHmYgfe', '2025-04-02 10:45:00', 575000.00, 57500.00),
('NTJB6z7a8b9c0d1', 'TOKOeLig', 'NsHmYgfe', '2025-04-08 13:00:00', 460000.00, 46000.00),
('NTJB7a8b9c0d1e2', 'TOKOeLig', 'NsHmYgfe', '2025-04-13 09:20:00', 345000.00, 34500.00),
('NTJB8b9c0d1e2f3', 'TOKOeLig', 'NsHmYgfe', '2025-04-18 15:30:00', 805000.00, 80500.00),
('NTJB9c0d1e2f3g4', 'TOKOeLig', 'NsHmYgfe', '2025-04-23 11:00:00', 230000.00, 23000.00),
('NTJB0d1e2f3g4h5', 'TOKOeLig', 'NsHmYgfe', '2025-04-28 14:45:00', 690000.00, 69000.00),
-- Bulan 6 (Mei 2025)
('NTJB1e2f3g4h5i6', 'TOKOeLig', 'NsHmYgfe', '2025-05-03 10:30:00', 575000.00, 57500.00),
('NTJB2f3g4h5i6j7', 'TOKOeLig', 'NsHmYgfe', '2025-05-09 13:15:00', 460000.00, 46000.00),
('NTJB3g4h5i6j7k8', 'TOKOeLig', 'NsHmYgfe', '2025-05-14 09:00:00', 345000.00, 34500.00),
('NTJB4h5i6j7k8l9', 'TOKOeLig', 'NsHmYgfe', '2025-05-19 16:20:00', 920000.00, 92000.00),
('NTJB5i6j7k8l9m0', 'TOKOeLig', 'NsHmYgfe', '2025-05-24 11:45:00', 230000.00, 23000.00),
('NTJB6j7k8l9m0n1', 'TOKOeLig', 'NsHmYgfe', '2025-05-29 14:00:00', 690000.00, 69000.00),
-- Bulan 7 (Juni 2025)
('NTJB7k8l9m0n1o2', 'TOKOeLig', 'NsHmYgfe', '2025-06-02 10:00:00', 575000.00, 57500.00),
('NTJB8l9m0n1o2p3', 'TOKOeLig', 'NsHmYgfe', '2025-06-07 13:30:00', 460000.00, 46000.00),
('NTJB9m0n1o2p3q4', 'TOKOeLig', 'NsHmYgfe', '2025-06-12 09:15:00', 345000.00, 34500.00),
('NTJB0n1o2p3q4r5', 'TOKOeLig', 'NsHmYgfe', '2025-06-17 15:45:00', 805000.00, 80500.00),
('NTJB1o2p3q4r5s6', 'TOKOeLig', 'NsHmYgfe', '2025-06-22 11:20:00', 230000.00, 23000.00),
('NTJB2p3q4r5s6t7', 'TOKOeLig', 'NsHmYgfe', '2025-06-27 14:00:00', 690000.00, 69000.00),
-- Bulan 8 (Juli 2025)
('NTJB3q4r5s6t7u8', 'TOKOeLig', 'NsHmYgfe', '2025-07-02 10:30:00', 575000.00, 57500.00),
('NTJB4r5s6t7u8v9', 'TOKOeLig', 'NsHmYgfe', '2025-07-08 13:00:00', 460000.00, 46000.00),
('NTJB5s6t7u8v9w0', 'TOKOeLig', 'NsHmYgfe', '2025-07-13 09:45:00', 345000.00, 34500.00),
('NTJB6t7u8v9w0x1', 'TOKOeLig', 'NsHmYgfe', '2025-07-18 16:20:00', 920000.00, 92000.00),
('NTJB7u8v9w0x1y2', 'TOKOeLig', 'NsHmYgfe', '2025-07-23 11:00:00', 230000.00, 23000.00),
('NTJB8v9w0x1y2z3', 'TOKOeLig', 'NsHmYgfe', '2025-07-28 14:30:00', 690000.00, 69000.00),
-- Bulan 9 (Agustus 2025)
('NTJB9w0x1y2z3a4', 'TOKOeLig', 'NsHmYgfe', '2025-08-02 10:15:00', 575000.00, 57500.00),
('NTJB0x1y2z3a4b5', 'TOKOeLig', 'NsHmYgfe', '2025-08-07 13:45:00', 460000.00, 46000.00),
('NTJB1y2z3a4b5c6', 'TOKOeLig', 'NsHmYgfe', '2025-08-12 09:30:00', 345000.00, 34500.00),
('NTJB2z3a4b5c6d7', 'TOKOeLig', 'NsHmYgfe', '2025-08-17 15:20:00', 805000.00, 80500.00),
('NTJB3a4b5c6d7e8', 'TOKOeLig', 'NsHmYgfe', '2025-08-22 11:00:00', 230000.00, 23000.00),
('NTJB4b5c6d7e8f9', 'TOKOeLig', 'NsHmYgfe', '2025-08-27 14:00:00', 690000.00, 69000.00),
-- Bulan 10 (September 2025)
('NTJB5c6d7e8f9g0', 'TOKOeLig', 'NsHmYgfe', '2025-09-02 10:00:00', 575000.00, 57500.00),
('NTJB6d7e8f9g0h1', 'TOKOeLig', 'NsHmYgfe', '2025-09-08 13:30:00', 460000.00, 46000.00),
('NTJB7e8f9g0h1i2', 'TOKOeLig', 'NsHmYgfe', '2025-09-13 09:00:00', 345000.00, 34500.00),
('NTJB8f9g0h1i2j3', 'TOKOeLig', 'NsHmYgfe', '2025-09-18 16:00:00', 920000.00, 92000.00),
('NTJB9g0h1i2j3k4', 'TOKOeLig', 'NsHmYgfe', '2025-09-23 11:30:00', 230000.00, 23000.00),
('NTJB0h1i2j3k4l5', 'TOKOeLig', 'NsHmYgfe', '2025-09-28 14:15:00', 690000.00, 69000.00),
-- Bulan 11 (Oktober 2025)
('NTJB1i2j3k4l5m6', 'TOKOeLig', 'NsHmYgfe', '2025-10-02 10:45:00', 575000.00, 57500.00),
('NTJB2j3k4l5m6n7', 'TOKOeLig', 'NsHmYgfe', '2025-10-08 13:00:00', 460000.00, 46000.00),
('NTJB3k4l5m6n7o8', 'TOKOeLig', 'NsHmYgfe', '2025-10-13 09:20:00', 345000.00, 34500.00),
('NTJB4l5m6n7o8p9', 'TOKOeLig', 'NsHmYgfe', '2025-10-18 15:30:00', 805000.00, 80500.00),
('NTJB5m6n7o8p9q0', 'TOKOeLig', 'NsHmYgfe', '2025-10-23 11:00:00', 230000.00, 23000.00),
('NTJB6n7o8p9q0r1', 'TOKOeLig', 'NsHmYgfe', '2025-10-28 14:45:00', 690000.00, 69000.00),
-- Bulan 12 (November 2025)
('NTJB7o8p9q0r1s2', 'TOKOeLig', 'NsHmYgfe', '2025-11-02 10:30:00', 575000.00, 57500.00),
('NTJB8p9q0r1s2t3', 'TOKOeLig', 'NsHmYgfe', '2025-11-08 13:15:00', 460000.00, 46000.00),
('NTJB9q0r1s2t3u4', 'TOKOeLig', 'NsHmYgfe', '2025-11-13 09:00:00', 345000.00, 34500.00),
('NTJB0r1s2t3u4v5', 'TOKOeLig', 'NsHmYgfe', '2025-11-18 16:20:00', 920000.00, 92000.00),
('NTJB1s2t3u4v5w6', 'TOKOeLig', 'NsHmYgfe', '2025-11-23 11:45:00', 230000.00, 23000.00),
('NTJB2t3u4v5w6x7', 'TOKOeLig', 'NsHmYgfe', '2025-11-28 14:00:00', 690000.00, 69000.00),
-- Tambahan transaksi untuk simulasi penuh (Desember 2024 - November 2025)
('NTJB3u4v5w6x7y8', 'TOKOeLig', 'NsHmYgfe', '2024-12-08 11:00:00', 345000.00, 34500.00),
('NTJB4v5w6x7y8z9', 'TOKOeLig', 'NsHmYgfe', '2024-12-12 15:30:00', 460000.00, 46000.00),
('NTJB5w6x7y8z9a0', 'TOKOeLig', 'NsHmYgfe', '2024-12-18 09:45:00', 575000.00, 57500.00),
('NTJB6x7y8z9a0b1', 'TOKOeLig', 'NsHmYgfe', '2024-12-22 13:20:00', 230000.00, 23000.00),
('NTJB7y8z9a0b1c2', 'TOKOeLig', 'NsHmYgfe', '2024-12-28 16:00:00', 805000.00, 80500.00),
('NTJB8z9a0b1c2d3', 'TOKOeLig', 'NsHmYgfe', '2025-01-05 10:15:00', 345000.00, 34500.00),
('NTJB9a0b1c2d3e4', 'TOKOeLig', 'NsHmYgfe', '2025-01-10 14:00:00', 460000.00, 46000.00),
('NTJB0b1c2d3e4f5', 'TOKOeLig', 'NsHmYgfe', '2025-01-15 11:30:00', 690000.00, 69000.00),
('NTJB1c2d3e4f5g6', 'TOKOeLig', 'NsHmYgfe', '2025-01-25 09:00:00', 575000.00, 57500.00),
('NTJB2d3e4f5g6h7', 'TOKOeLig', 'NsHmYgfe', '2025-02-05 13:45:00', 460000.00, 46000.00),
('NTJB3e4f5g6h7i8', 'TOKOeLig', 'NsHmYgfe', '2025-02-10 10:20:00', 345000.00, 34500.00),
('NTJB4f5g6h7i8j9', 'TOKOeLig', 'NsHmYgfe', '2025-02-15 15:00:00', 920000.00, 92000.00),
('NTJB5g6h7i8j9k0', 'TOKOeLig', 'NsHmYgfe', '2025-02-25 11:15:00', 230000.00, 23000.00),
('NTJB6h7i8j9k0l1', 'TOKOeLig', 'NsHmYgfe', '2025-03-08 09:30:00', 575000.00, 57500.00),
('NTJB7i8j9k0l1m2', 'TOKOeLig', 'NsHmYgfe', '2025-03-12 14:20:00', 460000.00, 46000.00),
('NTJB8j9k0l1m2n3', 'TOKOeLig', 'NsHmYgfe', '2025-03-18 10:45:00', 805000.00, 80500.00),
('NTJB9k0l1m2n3o4', 'TOKOeLig', 'NsHmYgfe', '2025-03-22 16:00:00', 345000.00, 34500.00),
('NTJB0l1m2n3o4p5', 'TOKOeLig', 'NsHmYgfe', '2025-04-05 11:00:00', 690000.00, 69000.00),
('NTJB1m2n3o4p5q6', 'TOKOeLig', 'NsHmYgfe', '2025-04-10 13:30:00', 575000.00, 57500.00),
('NTJB2n3o4p5q6r7', 'TOKOeLig', 'NsHmYgfe', '2025-04-15 09:15:00', 460000.00, 46000.00),
('NTJB3o4p5q6r7s8', 'TOKOeLig', 'NsHmYgfe', '2025-04-20 15:45:00', 920000.00, 92000.00),
('NTJB4p5q6r7s8t9', 'TOKOeLig', 'NsHmYgfe', '2025-04-25 10:30:00', 230000.00, 23000.00),
('NTJB5q6r7s8t9u0', 'TOKOeLig', 'NsHmYgfe', '2025-05-05 14:00:00', 805000.00, 80500.00),
('NTJB6r7s8t9u0v1', 'TOKOeLig', 'NsHmYgfe', '2025-05-10 11:20:00', 345000.00, 34500.00),
('NTJB7s8t9u0v1w2', 'TOKOeLig', 'NsHmYgfe', '2025-05-15 09:45:00', 575000.00, 57500.00),
('NTJB8t9u0v1w2x3', 'TOKOeLig', 'NsHmYgfe', '2025-05-20 16:30:00', 690000.00, 69000.00),
('NTJB9u0v1w2x3y4', 'TOKOeLig', 'NsHmYgfe', '2025-05-27 12:00:00', 460000.00, 46000.00),
('NTJB0v1w2x3y4z5', 'TOKOeLig', 'NsHmYgfe', '2025-06-05 10:15:00', 920000.00, 92000.00),
('NTJB1w2x3y4z5a6', 'TOKOeLig', 'NsHmYgfe', '2025-06-10 14:45:00', 230000.00, 23000.00),
('NTJB2x3y4z5a6b7', 'TOKOeLig', 'NsHmYgfe', '2025-06-15 11:30:00', 805000.00, 80500.00),
('NTJB3y4z5a6b7c8', 'TOKOeLig', 'NsHmYgfe', '2025-06-20 09:00:00', 345000.00, 34500.00),
('NTJB4z5a6b7c8d9', 'TOKOeLig', 'NsHmYgfe', '2025-06-25 15:20:00', 575000.00, 57500.00),
('NTJB5a6b7c8d9e0', 'TOKOeLig', 'NsHmYgfe', '2025-07-05 13:00:00', 690000.00, 69000.00),
('NTJB6b7c8d9e0f1', 'TOKOeLig', 'NsHmYgfe', '2025-07-10 10:45:00', 460000.00, 46000.00),
('NTJB7c8d9e0f1g2', 'TOKOeLig', 'NsHmYgfe', '2025-07-15 16:30:00', 920000.00, 92000.00),
('NTJB8d9e0f1g2h3', 'TOKOeLig', 'NsHmYgfe', '2025-07-20 11:15:00', 230000.00, 23000.00),
('NTJB9e0f1g2h3i4', 'TOKOeLig', 'NsHmYgfe', '2025-07-25 09:30:00', 805000.00, 80500.00),
('NTJB0f1g2h3i4j5', 'TOKOeLig', 'NsHmYgfe', '2025-08-05 14:00:00', 345000.00, 34500.00),
('NTJB1g2h3i4j5k6', 'TOKOeLig', 'NsHmYgfe', '2025-08-10 12:20:00', 575000.00, 57500.00),
('NTJB2h3i4j5k6l7', 'TOKOeLig', 'NsHmYgfe', '2025-08-15 10:45:00', 690000.00, 69000.00),
('NTJB3i4j5k6l7m8', 'TOKOeLig', 'NsHmYgfe', '2025-08-20 16:00:00', 460000.00, 46000.00),
('NTJB4j5k6l7m8n9', 'TOKOeLig', 'NsHmYgfe', '2025-08-25 11:30:00', 920000.00, 92000.00),
('NTJB5k6l7m8n9o0', 'TOKOeLig', 'NsHmYgfe', '2025-09-05 09:15:00', 230000.00, 23000.00),
('NTJB6l7m8n9o0p1', 'TOKOeLig', 'NsHmYgfe', '2025-09-10 13:45:00', 805000.00, 80500.00),
('NTJB7m8n9o0p1q2', 'TOKOeLig', 'NsHmYgfe', '2025-09-15 10:20:00', 345000.00, 34500.00),
('NTJB8n9o0p1q2r3', 'TOKOeLig', 'NsHmYgfe', '2025-09-20 15:00:00', 575000.00, 57500.00),
('NTJB9o0p1q2r3s4', 'TOKOeLig', 'NsHmYgfe', '2025-09-25 11:45:00', 690000.00, 69000.00),
('NTJB0p1q2r3s4t5', 'TOKOeLig', 'NsHmYgfe', '2025-10-05 09:30:00', 460000.00, 46000.00),
('NTJB1q2r3s4t5u6', 'TOKOeLig', 'NsHmYgfe', '2025-10-10 14:15:00', 920000.00, 92000.00),
('NTJB2r3s4t5u6v7', 'TOKOeLig', 'NsHmYgfe', '2025-10-15 12:00:00', 230000.00, 23000.00),
('NTJB3s4t5u6v7w8', 'TOKOeLig', 'NsHmYgfe', '2025-10-20 16:30:00', 805000.00, 80500.00),
('NTJB4t5u6v7w8x9', 'TOKOeLig', 'NsHmYgfe', '2025-10-25 10:00:00', 345000.00, 34500.00),
('NTJB5u6v7w8x9y0', 'TOKOeLig', 'NsHmYgfe', '2025-11-05 13:20:00', 575000.00, 57500.00),
('NTJB6v7w8x9y0z1', 'TOKOeLig', 'NsHmYgfe', '2025-11-10 09:45:00', 690000.00, 69000.00),
('NTJB7w8x9y0z1a2', 'TOKOeLig', 'NsHmYgfe', '2025-11-15 15:00:00', 460000.00, 46000.00),
('NTJB8x9y0z1a2b3', 'TOKOeLig', 'NsHmYgfe', '2025-11-20 11:30:00', 920000.00, 92000.00),
('NTJB9y0z1a2b3c4', 'TOKOeLig', 'NsHmYgfe', '2025-11-25 14:15:00', 230000.00, 23000.00);

-- DETAIL_NOTA_JUAL untuk penjualan (setiap nota jual berisi 1-2 barang)
-- Barang 1: 4aCSBjQPd3TzFd90 (Fiesta Chicken Nugget) - rata-rata 10-25 pieces per transaksi
-- Barang 2: W8r1LuGwd932W3Zq (So Nice Sosis) - rata-rata 5-15 pieces per transaksi
INSERT INTO `detail_nota_jual` (`ID_DNJB`, `KD_BARANG`, `ID_NOTA_JUAL`, `JUMLAH_JUAL_BARANG`, `HARGA_JUAL_BARANG`) VALUES
-- Desember 2024
('DNJB1a2b3c4d5e6', '4aCSBjQPd3TzFd90', 'NTJB1a2b3c4d5e6f', 20, 23000.00),
('DNJB2b3c4d5e6f7', 'W8r1LuGwd932W3Zq', 'NTJB1a2b3c4d5e6f', 5, 33000.00),
('DNJB3c4d5e6f7g8', '4aCSBjQPd3TzFd90', 'NTJB2b3c4d5e6f7', 15, 23000.00),
('DNJB4d5e6f7g8h9', 'W8r1LuGwd932W3Zq', 'NTJB2b3c4d5e6f7', 3, 33000.00),
('DNJB5e6f7g8h9i0', '4aCSBjQPd3TzFd90', 'NTJB3c4d5e6f7g8', 10, 23000.00),
('DNJB6f7g8h9i0j1', 'W8r1LuGwd932W3Zq', 'NTJB3c4d5e6f7g8', 2, 33000.00),
('DNJB7g8h9i0j1k2', '4aCSBjQPd3TzFd90', 'NTJB4d5e6f7g8h9', 25, 23000.00),
('DNJB8h9i0j1k2l3', 'W8r1LuGwd932W3Zq', 'NTJB4d5e6f7g8h9', 8, 33000.00),
('DNJB9i0j1k2l3m4', '4aCSBjQPd3TzFd90', 'NTJB5e6f7g8h9i0', 8, 23000.00),
('DNJB0j1k2l3m4n5', '4aCSBjQPd3TzFd90', 'NTJB6f7g8h9i0j1', 30, 23000.00),
('DNJB1k2l3m4n5o6', 'W8r1LuGwd932W3Zq', 'NTJB6f7g8h9i0j1', 10, 33000.00),
-- Januari 2025
('DNJB2l3m4n5o6p7', '4aCSBjQPd3TzFd90', 'NTJB7g8h9i0j1k2', 20, 23000.00),
('DNJB3m4n5o6p7q8', 'W8r1LuGwd932W3Zq', 'NTJB7g8h9i0j1k2', 5, 33000.00),
('DNJB4n5o6p7q8r9', '4aCSBjQPd3TzFd90', 'NTJB8h9i0j1k2l3', 15, 23000.00),
('DNJB5o6p7q8r9s0', '4aCSBjQPd3TzFd90', 'NTJB9i0j1k2l3m4', 10, 23000.00),
('DNJB6p7q8r9s0t1', 'W8r1LuGwd932W3Zq', 'NTJB9i0j1k2l3m4', 3, 33000.00),
('DNJB7q8r9s0t1u2', '4aCSBjQPd3TzFd90', 'NTJB0j1k2l3m4n5', 35, 23000.00),
('DNJB8r9s0t1u2v3', 'W8r1LuGwd932W3Zq', 'NTJB0j1k2l3m4n5', 12, 33000.00),
('DNJB9s0t1u2v3w4', '4aCSBjQPd3TzFd90', 'NTJB1k2l3m4n5o6', 8, 23000.00),
('DNJB0t1u2v3w4x5', '4aCSBjQPd3TzFd90', 'NTJB2l3m4n5o6p7', 25, 23000.00),
('DNJB1u2v3w4x5y6', 'W8r1LuGwd932W3Zq', 'NTJB2l3m4n5o6p7', 8, 33000.00),
-- Februari 2025
('DNJB2v3w4x5y6z7', '4aCSBjQPd3TzFd90', 'NTJB3m4n5o6p7q8', 20, 23000.00),
('DNJB3w4x5y6z7a8', 'W8r1LuGwd932W3Zq', 'NTJB3m4n5o6p7q8', 5, 33000.00),
('DNJB4x5y6z7a8b9', '4aCSBjQPd3TzFd90', 'NTJB4n5o6p7q8r9', 15, 23000.00),
('DNJB5y6z7a8b9c0', '4aCSBjQPd3TzFd90', 'NTJB5o6p7q8r9s0', 10, 23000.00),
('DNJB6z7a8b9c0d1', 'W8r1LuGwd932W3Zq', 'NTJB5o6p7q8r9s0', 3, 33000.00),
('DNJB7a8b9c0d1e2', '4aCSBjQPd3TzFd90', 'NTJB6p7q8r9s0t1', 30, 23000.00),
('DNJB8b9c0d1e2f3', 'W8r1LuGwd932W3Zq', 'NTJB6p7q8r9s0t1', 10, 33000.00),
('DNJB9c0d1e2f3g4', '4aCSBjQPd3TzFd90', 'NTJB7q8r9s0t1u2', 8, 23000.00),
('DNJB0d1e2f3g4h5', '4aCSBjQPd3TzFd90', 'NTJB8r9s0t1u2v3', 25, 23000.00),
('DNJB1e2f3g4h5i6', 'W8r1LuGwd932W3Zq', 'NTJB8r9s0t1u2v3', 8, 33000.00),
-- Maret 2025
('DNJB2f3g4h5i6j7', '4aCSBjQPd3TzFd90', 'NTJB9s0t1u2v3w4', 20, 23000.00),
('DNJB3g4h5i6j7k8', 'W8r1LuGwd932W3Zq', 'NTJB9s0t1u2v3w4', 5, 33000.00),
('DNJB4h5i6j7k8l9', '4aCSBjQPd3TzFd90', 'NTJB0t1u2v3w4x5', 15, 23000.00),
('DNJB5i6j7k8l9m0', '4aCSBjQPd3TzFd90', 'NTJB1u2v3w4x5y6', 10, 23000.00),
('DNJB6j7k8l9m0n1', 'W8r1LuGwd932W3Zq', 'NTJB1u2v3w4x5y6', 3, 33000.00),
('DNJB7k8l9m0n1o2', '4aCSBjQPd3TzFd90', 'NTJB2v3w4x5y6z7', 35, 23000.00),
('DNJB8l9m0n1o2p3', 'W8r1LuGwd932W3Zq', 'NTJB2v3w4x5y6z7', 12, 33000.00),
('DNJB9m0n1o2p3q4', '4aCSBjQPd3TzFd90', 'NTJB3w4x5y6z7a8', 8, 23000.00),
('DNJB0n1o2p3q4r5', '4aCSBjQPd3TzFd90', 'NTJB4x5y6z7a8b9', 25, 23000.00),
('DNJB1o2p3q4r5s6', 'W8r1LuGwd932W3Zq', 'NTJB4x5y6z7a8b9', 8, 33000.00),
-- April 2025
('DNJB2p3q4r5s6t7', '4aCSBjQPd3TzFd90', 'NTJB5y6z7a8b9c0', 20, 23000.00),
('DNJB3q4r5s6t7u8', 'W8r1LuGwd932W3Zq', 'NTJB5y6z7a8b9c0', 5, 33000.00),
('DNJB4r5s6t7u8v9', '4aCSBjQPd3TzFd90', 'NTJB6z7a8b9c0d1', 15, 23000.00),
('DNJB5s6t7u8v9w0', '4aCSBjQPd3TzFd90', 'NTJB7a8b9c0d1e2', 10, 23000.00),
('DNJB6t7u8v9w0x1', 'W8r1LuGwd932W3Zq', 'NTJB7a8b9c0d1e2', 3, 33000.00),
('DNJB7u8v9w0x1y2', '4aCSBjQPd3TzFd90', 'NTJB8b9c0d1e2f3', 30, 23000.00),
('DNJB8v9w0x1y2z3', 'W8r1LuGwd932W3Zq', 'NTJB8b9c0d1e2f3', 10, 33000.00),
('DNJB9w0x1y2z3a4', '4aCSBjQPd3TzFd90', 'NTJB9c0d1e2f3g4', 8, 23000.00),
('DNJB0x1y2z3a4b5', '4aCSBjQPd3TzFd90', 'NTJB0d1e2f3g4h5', 25, 23000.00),
('DNJB1y2z3a4b5c6', 'W8r1LuGwd932W3Zq', 'NTJB0d1e2f3g4h5', 8, 33000.00),
-- Mei 2025
('DNJB2z3a4b5c6d7', '4aCSBjQPd3TzFd90', 'NTJB1e2f3g4h5i6', 20, 23000.00),
('DNJB3a4b5c6d7e8', 'W8r1LuGwd932W3Zq', 'NTJB1e2f3g4h5i6', 5, 33000.00),
('DNJB4b5c6d7e8f9', '4aCSBjQPd3TzFd90', 'NTJB2f3g4h5i6j7', 15, 23000.00),
('DNJB5c6d7e8f9g0', '4aCSBjQPd3TzFd90', 'NTJB3g4h5i6j7k8', 10, 23000.00),
('DNJB6d7e8f9g0h1', 'W8r1LuGwd932W3Zq', 'NTJB3g4h5i6j7k8', 3, 33000.00),
('DNJB7e8f9g0h1i2', '4aCSBjQPd3TzFd90', 'NTJB4h5i6j7k8l9', 35, 23000.00),
('DNJB8f9g0h1i2j3', 'W8r1LuGwd932W3Zq', 'NTJB4h5i6j7k8l9', 12, 33000.00),
('DNJB9g0h1i2j3k4', '4aCSBjQPd3TzFd90', 'NTJB5i6j7k8l9m0', 8, 23000.00),
('DNJB0h1i2j3k4l5', '4aCSBjQPd3TzFd90', 'NTJB6j7k8l9m0n1', 25, 23000.00),
('DNJB1i2j3k4l5m6', 'W8r1LuGwd932W3Zq', 'NTJB6j7k8l9m0n1', 8, 33000.00),
-- Juni 2025
('DNJB2j3k4l5m6n7', '4aCSBjQPd3TzFd90', 'NTJB7k8l9m0n1o2', 20, 23000.00),
('DNJB3k4l5m6n7o8', 'W8r1LuGwd932W3Zq', 'NTJB7k8l9m0n1o2', 5, 33000.00),
('DNJB4l5m6n7o8p9', '4aCSBjQPd3TzFd90', 'NTJB8l9m0n1o2p3', 15, 23000.00),
('DNJB5m6n7o8p9q0', '4aCSBjQPd3TzFd90', 'NTJB9m0n1o2p3q4', 10, 23000.00),
('DNJB6n7o8p9q0r1', 'W8r1LuGwd932W3Zq', 'NTJB9m0n1o2p3q4', 3, 33000.00),
('DNJB7o8p9q0r1s2', '4aCSBjQPd3TzFd90', 'NTJB0n1o2p3q4r5', 30, 23000.00),
('DNJB8p9q0r1s2t3', 'W8r1LuGwd932W3Zq', 'NTJB0n1o2p3q4r5', 10, 33000.00),
('DNJB9q0r1s2t3u4', '4aCSBjQPd3TzFd90', 'NTJB1o2p3q4r5s6', 8, 23000.00),
('DNJB0r1s2t3u4v5', '4aCSBjQPd3TzFd90', 'NTJB2p3q4r5s6t7', 25, 23000.00),
('DNJB1s2t3u4v5w6', 'W8r1LuGwd932W3Zq', 'NTJB2p3q4r5s6t7', 8, 33000.00),
-- Juli 2025
('DNJB2t3u4v5w6x7', '4aCSBjQPd3TzFd90', 'NTJB3q4r5s6t7u8', 20, 23000.00),
('DNJB3u4v5w6x7y8', 'W8r1LuGwd932W3Zq', 'NTJB3q4r5s6t7u8', 5, 33000.00),
('DNJB4v5w6x7y8z9', '4aCSBjQPd3TzFd90', 'NTJB4r5s6t7u8v9', 15, 23000.00),
('DNJB5w6x7y8z9a0', '4aCSBjQPd3TzFd90', 'NTJB5s6t7u8v9w0', 10, 23000.00),
('DNJB6x7y8z9a0b1', 'W8r1LuGwd932W3Zq', 'NTJB5s6t7u8v9w0', 3, 33000.00),
('DNJB7y8z9a0b1c2', '4aCSBjQPd3TzFd90', 'NTJB6t7u8v9w0x1', 35, 23000.00),
('DNJB8z9a0b1c2d3', 'W8r1LuGwd932W3Zq', 'NTJB6t7u8v9w0x1', 12, 33000.00),
('DNJB9a0b1c2d3e4', '4aCSBjQPd3TzFd90', 'NTJB7u8v9w0x1y2', 8, 23000.00),
('DNJB0b1c2d3e4f5', '4aCSBjQPd3TzFd90', 'NTJB8v9w0x1y2z3', 25, 23000.00),
('DNJB1c2d3e4f5g6', 'W8r1LuGwd932W3Zq', 'NTJB8v9w0x1y2z3', 8, 33000.00),
-- Agustus 2025
('DNJB2d3e4f5g6h7', '4aCSBjQPd3TzFd90', 'NTJB9w0x1y2z3a4', 20, 23000.00),
('DNJB3e4f5g6h7i8', 'W8r1LuGwd932W3Zq', 'NTJB9w0x1y2z3a4', 5, 33000.00),
('DNJB4f5g6h7i8j9', '4aCSBjQPd3TzFd90', 'NTJB0x1y2z3a4b5', 15, 23000.00),
('DNJB5g6h7i8j9k0', '4aCSBjQPd3TzFd90', 'NTJB1y2z3a4b5c6', 10, 23000.00),
('DNJB6h7i8j9k0l1', 'W8r1LuGwd932W3Zq', 'NTJB1y2z3a4b5c6', 3, 33000.00),
('DNJB7i8j9k0l1m2', '4aCSBjQPd3TzFd90', 'NTJB2z3a4b5c6d7', 30, 23000.00),
('DNJB8j9k0l1m2n3', 'W8r1LuGwd932W3Zq', 'NTJB2z3a4b5c6d7', 10, 33000.00),
('DNJB9k0l1m2n3o4', '4aCSBjQPd3TzFd90', 'NTJB3a4b5c6d7e8', 8, 23000.00),
('DNJB0l1m2n3o4p5', '4aCSBjQPd3TzFd90', 'NTJB4b5c6d7e8f9', 25, 23000.00),
('DNJB1m2n3o4p5q6', 'W8r1LuGwd932W3Zq', 'NTJB4b5c6d7e8f9', 8, 33000.00),
-- September 2025
('DNJB2n3o4p5q6r7', '4aCSBjQPd3TzFd90', 'NTJB5c6d7e8f9g0', 20, 23000.00),
('DNJB3o4p5q6r7s8', 'W8r1LuGwd932W3Zq', 'NTJB5c6d7e8f9g0', 5, 33000.00),
('DNJB4p5q6r7s8t9', '4aCSBjQPd3TzFd90', 'NTJB6d7e8f9g0h1', 15, 23000.00),
('DNJB5q6r7s8t9u0', '4aCSBjQPd3TzFd90', 'NTJB7e8f9g0h1i2', 10, 23000.00),
('DNJB6r7s8t9u0v1', 'W8r1LuGwd932W3Zq', 'NTJB7e8f9g0h1i2', 3, 33000.00),
('DNJB7s8t9u0v1w2', '4aCSBjQPd3TzFd90', 'NTJB8f9g0h1i2j3', 35, 23000.00),
('DNJB8t9u0v1w2x3', 'W8r1LuGwd932W3Zq', 'NTJB8f9g0h1i2j3', 12, 33000.00),
('DNJB9u0v1w2x3y4', '4aCSBjQPd3TzFd90', 'NTJB9g0h1i2j3k4', 8, 23000.00),
('DNJB0v1w2x3y4z5', '4aCSBjQPd3TzFd90', 'NTJB0h1i2j3k4l5', 25, 23000.00),
('DNJB1w2x3y4z5a6', 'W8r1LuGwd932W3Zq', 'NTJB0h1i2j3k4l5', 8, 33000.00),
-- Oktober 2025
('DNJB2x3y4z5a6b7', '4aCSBjQPd3TzFd90', 'NTJB1i2j3k4l5m6', 20, 23000.00),
('DNJB3y4z5a6b7c8', 'W8r1LuGwd932W3Zq', 'NTJB1i2j3k4l5m6', 5, 33000.00),
('DNJB4z5a6b7c8d9', '4aCSBjQPd3TzFd90', 'NTJB2j3k4l5m6n7', 15, 23000.00),
('DNJB5a6b7c8d9e0', '4aCSBjQPd3TzFd90', 'NTJB3k4l5m6n7o8', 10, 23000.00),
('DNJB6b7c8d9e0f1', 'W8r1LuGwd932W3Zq', 'NTJB3k4l5m6n7o8', 3, 33000.00),
('DNJB7c8d9e0f1g2', '4aCSBjQPd3TzFd90', 'NTJB4l5m6n7o8p9', 30, 23000.00),
('DNJB8d9e0f1g2h3', 'W8r1LuGwd932W3Zq', 'NTJB4l5m6n7o8p9', 10, 33000.00),
('DNJB9e0f1g2h3i4', '4aCSBjQPd3TzFd90', 'NTJB5m6n7o8p9q0', 8, 23000.00),
('DNJB0f1g2h3i4j5', '4aCSBjQPd3TzFd90', 'NTJB6n7o8p9q0r1', 25, 23000.00),
('DNJB1g2h3i4j5k6', 'W8r1LuGwd932W3Zq', 'NTJB6n7o8p9q0r1', 8, 33000.00),
-- November 2025
('DNJB2h3i4j5k6l7', '4aCSBjQPd3TzFd90', 'NTJB7o8p9q0r1s2', 20, 23000.00),
('DNJB3i4j5k6l7m8', 'W8r1LuGwd932W3Zq', 'NTJB7o8p9q0r1s2', 5, 33000.00),
('DNJB4j5k6l7m8n9', '4aCSBjQPd3TzFd90', 'NTJB8p9q0r1s2t3', 15, 23000.00),
('DNJB5k6l7m8n9o0', '4aCSBjQPd3TzFd90', 'NTJB9q0r1s2t3u4', 10, 23000.00),
('DNJB6l7m8n9o0p1', 'W8r1LuGwd932W3Zq', 'NTJB9q0r1s2t3u4', 3, 33000.00),
('DNJB7m8n9o0p1q2', '4aCSBjQPd3TzFd90', 'NTJB0r1s2t3u4v5', 35, 23000.00),
('DNJB8n9o0p1q2r3', 'W8r1LuGwd932W3Zq', 'NTJB0r1s2t3u4v5', 12, 33000.00),
('DNJB9o0p1q2r3s4', '4aCSBjQPd3TzFd90', 'NTJB1s2t3u4v5w6', 8, 23000.00),
('DNJB0p1q2r3s4t5', '4aCSBjQPd3TzFd90', 'NTJB2t3u4v5w6x7', 25, 23000.00),
('DNJB1q2r3s4t5u6', 'W8r1LuGwd932W3Zq', 'NTJB2t3u4v5w6x7', 8, 33000.00),
-- Detail untuk transaksi tambahan
('DNJB2r3s4t5u6v7', '4aCSBjQPd3TzFd90', 'NTJB3u4v5w6x7y8', 10, 23000.00),
('DNJB3s4t5u6v7w8', 'W8r1LuGwd932W3Zq', 'NTJB3u4v5w6x7y8', 3, 33000.00),
('DNJB4t5u6v7w8x9', '4aCSBjQPd3TzFd90', 'NTJB4v5w6x7y8z9', 15, 23000.00),
('DNJB5u6v7w8x9y0', '4aCSBjQPd3TzFd90', 'NTJB5w6x7y8z9a0', 20, 23000.00),
('DNJB6v7w8x9y0z1', 'W8r1LuGwd932W3Zq', 'NTJB5w6x7y8z9a0', 5, 33000.00),
('DNJB7w8x9y0z1a2', '4aCSBjQPd3TzFd90', 'NTJB6x7y8z9a0b1', 8, 23000.00),
('DNJB8x9y0z1a2b3', '4aCSBjQPd3TzFd90', 'NTJB7y8z9a0b1c2', 30, 23000.00),
('DNJB9y0z1a2b3c4', 'W8r1LuGwd932W3Zq', 'NTJB7y8z9a0b1c2', 10, 33000.00),
('DNJB0z1a2b3c4d5', '4aCSBjQPd3TzFd90', 'NTJB8z9a0b1c2d3', 12, 23000.00),
('DNJB1a2b3c4d5e6X', '4aCSBjQPd3TzFd90', 'NTJB9a0b1c2d3e4', 15, 23000.00),
('DNJB2b3c4d5e6f7X', 'W8r1LuGwd932W3Zq', 'NTJB9a0b1c2d3e4', 4, 33000.00),
('DNJB3c4d5e6f7g8X', '4aCSBjQPd3TzFd90', 'NTJB0b1c2d3e4f5', 25, 23000.00),
('DNJB4d5e6f7g8h9X', 'W8r1LuGwd932W3Zq', 'NTJB0b1c2d3e4f5', 8, 33000.00),
('DNJB5e6f7g8h9i0X', '4aCSBjQPd3TzFd90', 'NTJB1c2d3e4f5g6', 18, 23000.00),
('DNJB6f7g8h9i0j1X', '4aCSBjQPd3TzFd90', 'NTJB2d3e4f5g6h7', 22, 23000.00),
('DNJB7g8h9i0j1k2X', 'W8r1LuGwd932W3Zq', 'NTJB2d3e4f5g6h7', 6, 33000.00),
('DNJB8h9i0j1k2l3X', '4aCSBjQPd3TzFd90', 'NTJB3e4f5g6h7i8', 10, 23000.00),
('DNJB9i0j1k2l3m4X', '4aCSBjQPd3TzFd90', 'NTJB4f5g6h7i8j9', 28, 23000.00),
('DNJB0j1k2l3m4n5X', 'W8r1LuGwd932W3Zq', 'NTJB4f5g6h7i8j9', 9, 33000.00),
('DNJB1k2l3m4n5o6X', '4aCSBjQPd3TzFd90', 'NTJB5g6h7i8j9k0', 12, 23000.00),
('DNJB2l3m4n5o6p7X', '4aCSBjQPd3TzFd90', 'NTJB6h7i8j9k0l1', 20, 23000.00),
('DNJB3m4n5o6p7q8X', 'W8r1LuGwd932W3Zq', 'NTJB6h7i8j9k0l1', 5, 33000.00),
('DNJB4n5o6p7q8r9X', '4aCSBjQPd3TzFd90', 'NTJB7i8j9k0l1m2', 15, 23000.00),
('DNJB5o6p7q8r9s0X', '4aCSBjQPd3TzFd90', 'NTJB8j9k0l1m2n3', 25, 23000.00),
('DNJB6p7q8r9s0t1X', 'W8r1LuGwd932W3Zq', 'NTJB8j9k0l1m2n3', 7, 33000.00),
('DNJB7q8r9s0t1u2X', '4aCSBjQPd3TzFd90', 'NTJB9k0l1m2n3o4', 10, 23000.00),
('DNJB8r9s0t1u2v3X', '4aCSBjQPd3TzFd90', 'NTJB0l1m2n3o4p5', 18, 23000.00),
('DNJB9s0t1u2v3w4X', 'W8r1LuGwd932W3Zq', 'NTJB0l1m2n3o4p5', 5, 33000.00),
('DNJB0t1u2v3w4x5X', '4aCSBjQPd3TzFd90', 'NTJB1m2n3o4p5q6', 22, 23000.00),
('DNJB1u2v3w4x5y6X', '4aCSBjQPd3TzFd90', 'NTJB2n3o4p5q6r7', 12, 23000.00),
('DNJB2v3w4x5y6z7X', 'W8r1LuGwd932W3Zq', 'NTJB2n3o4p5q6r7', 3, 33000.00),
('DNJB3w4x5y6z7a8X', '4aCSBjQPd3TzFd90', 'NTJB3o4p5q6r7s8', 30, 23000.00),
('DNJB4x5y6z7a8b9X', 'W8r1LuGwd932W3Zq', 'NTJB3o4p5q6r7s8', 10, 33000.00),
('DNJB5y6z7a8b9c0X', '4aCSBjQPd3TzFd90', 'NTJB4p5q6r7s8t9', 15, 23000.00),
('DNJB6z7a8b9c0d1X', '4aCSBjQPd3TzFd90', 'NTJB5q6r7s8t9u0', 20, 23000.00),
('DNJB7a8b9c0d1e2X', 'W8r1LuGwd932W3Zq', 'NTJB5q6r7s8t9u0', 6, 33000.00),
('DNJB8b9c0d1e2f3X', '4aCSBjQPd3TzFd90', 'NTJB6r7s8t9u0v1', 12, 23000.00),
('DNJB9c0d1e2f3g4X', '4aCSBjQPd3TzFd90', 'NTJB7s8t9u0v1w2', 25, 23000.00),
('DNJB0d1e2f3g4h5X', 'W8r1LuGwd932W3Zq', 'NTJB7s8t9u0v1w2', 8, 33000.00),
('DNJB1e2f3g4h5i6X', '4aCSBjQPd3TzFd90', 'NTJB8t9u0v1w2x3', 18, 23000.00),
('DNJB2f3g4h5i6j7X', '4aCSBjQPd3TzFd90', 'NTJB9u0v1w2x3y4', 10, 23000.00),
('DNJB3g4h5i6j7k8X', 'W8r1LuGwd932W3Zq', 'NTJB9u0v1w2x3y4', 3, 33000.00),
('DNJB4h5i6j7k8l9X', '4aCSBjQPd3TzFd90', 'NTJB0v1w2x3y4z5', 28, 23000.00),
('DNJB5i6j7k8l9m0X', 'W8r1LuGwd932W3Zq', 'NTJB0v1w2x3y4z5', 9, 33000.00),
('DNJB6j7k8l9m0n1X', '4aCSBjQPd3TzFd90', 'NTJB1w2x3y4z5a6', 15, 23000.00),
('DNJB7k8l9m0n1o2X', '4aCSBjQPd3TzFd90', 'NTJB2x3y4z5a6b7', 22, 23000.00),
('DNJB8l9m0n1o2p3X', 'W8r1LuGwd932W3Zq', 'NTJB2x3y4z5a6b7', 7, 33000.00),
('DNJB9m0n1o2p3q4X', '4aCSBjQPd3TzFd90', 'NTJB3y4z5a6b7c8', 12, 23000.00),
('DNJB0n1o2p3q4r5X', '4aCSBjQPd3TzFd90', 'NTJB4z5a6b7c8d9', 30, 23000.00),
('DNJB1o2p3q4r5s6X', 'W8r1LuGwd932W3Zq', 'NTJB4z5a6b7c8d9', 10, 33000.00),
('DNJB2p3q4r5s6t7X', '4aCSBjQPd3TzFd90', 'NTJB5a6b7c8d9e0', 18, 23000.00),
('DNJB3q4r5s6t7u8X', '4aCSBjQPd3TzFd90', 'NTJB6b7c8d9e0f1', 20, 23000.00),
('DNJB4r5s6t7u8v9X', 'W8r1LuGwd932W3Zq', 'NTJB6b7c8d9e0f1', 6, 33000.00),
('DNJB5s6t7u8v9w0X', '4aCSBjQPd3TzFd90', 'NTJB7c8d9e0f1g2', 25, 23000.00),
('DNJB6t7u8v9w0x1X', 'W8r1LuGwd932W3Zq', 'NTJB7c8d9e0f1g2', 8, 33000.00),
('DNJB7u8v9w0x1y2X', '4aCSBjQPd3TzFd90', 'NTJB8d9e0f1g2h3', 12, 23000.00),
('DNJB8v9w0x1y2z3X', '4aCSBjQPd3TzFd90', 'NTJB9e0f1g2h3i4', 28, 23000.00),
('DNJB9w0x1y2z3a4X', 'W8r1LuGwd932W3Zq', 'NTJB9e0f1g2h3i4', 9, 33000.00),
('DNJB0x1y2z3a4b5X', '4aCSBjQPd3TzFd90', 'NTJB0f1g2h3i4j5', 15, 23000.00),
('DNJB1y2z3a4b5c6X', '4aCSBjQPd3TzFd90', 'NTJB1g2h3i4j5k6', 22, 23000.00),
('DNJB2z3a4b5c6d7X', 'W8r1LuGwd932W3Zq', 'NTJB1g2h3i4j5k6', 7, 33000.00),
('DNJB3a4b5c6d7e8X', '4aCSBjQPd3TzFd90', 'NTJB2h3i4j5k6l7', 18, 23000.00),
('DNJB4b5c6d7e8f9X', '4aCSBjQPd3TzFd90', 'NTJB3i4j5k6l7m8', 10, 23000.00),
('DNJB5c6d7e8f9g0X', 'W8r1LuGwd932W3Zq', 'NTJB3i4j5k6l7m8', 3, 33000.00),
('DNJB6d7e8f9g0h1X', '4aCSBjQPd3TzFd90', 'NTJB4j5k6l7m8n9', 30, 23000.00),
('DNJB7e8f9g0h1i2X', 'W8r1LuGwd932W3Zq', 'NTJB4j5k6l7m8n9', 10, 33000.00),
('DNJB8f9g0h1i2j3X', '4aCSBjQPd3TzFd90', 'NTJB5k6l7m8n9o0', 12, 23000.00),
('DNJB9g0h1i2j3k4X', '4aCSBjQPd3TzFd90', 'NTJB6l7m8n9o0p1', 25, 23000.00),
('DNJB0h1i2j3k4l5X', 'W8r1LuGwd932W3Zq', 'NTJB6l7m8n9o0p1', 8, 33000.00),
('DNJB1i2j3k4l5m6X', '4aCSBjQPd3TzFd90', 'NTJB7m8n9o0p1q2', 18, 23000.00),
('DNJB2j3k4l5m6n7X', '4aCSBjQPd3TzFd90', 'NTJB8n9o0p1q2r3', 20, 23000.00),
('DNJB3k4l5m6n7o8X', 'W8r1LuGwd932W3Zq', 'NTJB8n9o0p1q2r3', 6, 33000.00),
('DNJB4l5m6n7o8p9X', '4aCSBjQPd3TzFd90', 'NTJB9o0p1q2r3s4', 12, 23000.00),
('DNJB5m6n7o8p9q0X', '4aCSBjQPd3TzFd90', 'NTJB0p1q2r3s4t5', 28, 23000.00),
('DNJB6n7o8p9q0r1X', 'W8r1LuGwd932W3Zq', 'NTJB0p1q2r3s4t5', 9, 33000.00),
('DNJB7o8p9q0r1s2X', '4aCSBjQPd3TzFd90', 'NTJB1q2r3s4t5u6', 15, 23000.00),
('DNJB8p9q0r1s2t3X', '4aCSBjQPd3TzFd90', 'NTJB2r3s4t5u6v7', 22, 23000.00),
('DNJB9q0r1s2t3u4X', 'W8r1LuGwd932W3Zq', 'NTJB2r3s4t5u6v7', 7, 33000.00),
('DNJB0r1s2t3u4v5X', '4aCSBjQPd3TzFd90', 'NTJB3s4t5u6v7w8', 18, 23000.00),
('DNJB1s2t3u4v5w6X', '4aCSBjQPd3TzFd90', 'NTJB4t5u6v7w8x9', 10, 23000.00),
('DNJB2t3u4v5w6x7X', 'W8r1LuGwd932W3Zq', 'NTJB4t5u6v7w8x9', 3, 33000.00),
('DNJB3u4v5w6x7y8X', '4aCSBjQPd3TzFd90', 'NTJB5u6v7w8x9y0', 30, 23000.00),
('DNJB4v5w6x7y8z9X', 'W8r1LuGwd932W3Zq', 'NTJB5u6v7w8x9y0', 10, 33000.00),
('DNJB5w6x7y8z9a0X', '4aCSBjQPd3TzFd90', 'NTJB6v7w8x9y0z1', 12, 23000.00),
('DNJB6x7y8z9a0b1X', '4aCSBjQPd3TzFd90', 'NTJB7w8x9y0z1a2', 25, 23000.00),
('DNJB7y8z9a0b1c2X', 'W8r1LuGwd932W3Zq', 'NTJB7w8x9y0z1a2', 8, 33000.00),
('DNJB8z9a0b1c2d3X', '4aCSBjQPd3TzFd90', 'NTJB8x9y0z1a2b3', 18, 23000.00),
('DNJB9a0b1c2d3e4X', '4aCSBjQPd3TzFd90', 'NTJB9y0z1a2b3c4', 20, 23000.00),
('DNJB0b1c2d3e4f5X', 'W8r1LuGwd932W3Zq', 'NTJB9y0z1a2b3c4', 6, 33000.00);

-- 2. DATA PESAN_BARANG TAMBAHAN (untuk Setup Cost - S dan Lead Time - L)
-- Menambahkan lebih banyak data PESAN_BARANG dengan BIAYA_PENGIRIMAAN dan STATUS SELESAI
-- Barang: 4aCSBjQPd3TzFd90 (Fiesta Chicken Nugget)
INSERT INTO `pesan_barang` (`ID_PESAN_BARANG`, `KD_LOKASI`, `KD_BARANG`, `ID_PERHITUNGAN_KUANTITAS_POQ`, `KD_SUPPLIER`, `HARGA_PESAN_BARANG_DUS`, `BIAYA_PENGIRIMAAN`, `JUMLAH_PESAN_BARANG_DUS`, `JUMLAH_TIBA_DUS`, `JUMLAH_DITOLAK_DUS`, `TOTAL_MASUK_DUS`, `SISA_STOCK_DUS`, `TGL_EXPIRED`, `WAKTU_PESAN`, `WAKTU_ESTIMASI_SELESAI`, `WAKTU_SELESAI`, `STATUS`) VALUES
-- Pesanan dengan lead time 2-3 hari
('PBAR1a2b3c4d5e6', 'NRb2W8VG', '4aCSBjQPd3TzFd90', NULL, 'NKnVD9E9', 500000.00, 45000.00, 12, 12, 0, 12, 12, '2026-02-15', '2024-12-10 08:00:00', NULL, '2024-12-12 14:30:00', 'SELESAI'),
('PBAR2b3c4d5e6f7', 'NRb2W8VG', '4aCSBjQPd3TzFd90', NULL, 'NKnVD9E9', 500000.00, 50000.00, 15, 15, 0, 15, 27, '2026-03-20', '2025-01-15 09:00:00', NULL, '2025-01-17 16:00:00', 'SELESAI'),
('PBAR3c4d5e6f7g8', 'NRb2W8VG', '4aCSBjQPd3TzFd90', NULL, 'NKnVD9E9', 500000.00, 48000.00, 10, 10, 0, 10, 37, '2026-04-25', '2025-02-20 10:00:00', NULL, '2025-02-22 15:30:00', 'SELESAI'),
('PBAR4d5e6f7g8h9', 'NRb2W8VG', '4aCSBjQPd3TzFd90', NULL, 'NKnVD9E9', 500000.00, 52000.00, 18, 18, 0, 18, 55, '2026-05-30', '2025-03-25 08:30:00', NULL, '2025-03-27 13:00:00', 'SELESAI'),
('PBAR5e6f7g8h9i0', 'NRb2W8VG', '4aCSBjQPd3TzFd90', NULL, 'NKnVD9E9', 500000.00, 47000.00, 12, 12, 0, 12, 67, '2026-07-05', '2025-04-30 09:15:00', NULL, '2025-05-02 14:45:00', 'SELESAI'),
('PBAR6f7g8h9i0j1', 'NRb2W8VG', '4aCSBjQPd3TzFd90', NULL, 'NKnVD9E9', 500000.00, 49000.00, 14, 14, 0, 14, 81, '2026-08-10', '2025-06-05 10:00:00', NULL, '2025-06-07 16:20:00', 'SELESAI'),
('PBAR7g8h9i0j1k2', 'NRb2W8VG', '4aCSBjQPd3TzFd90', NULL, 'NKnVD9E9', 500000.00, 51000.00, 16, 16, 0, 16, 97, '2026-09-15', '2025-07-10 08:45:00', NULL, '2025-07-12 13:30:00', 'SELESAI'),
('PBAR8h9i0j1k2l3', 'NRb2W8VG', '4aCSBjQPd3TzFd90', NULL, 'NKnVD9E9', 500000.00, 48000.00, 11, 11, 0, 11, 108, '2026-10-20', '2025-08-15 09:30:00', NULL, '2025-08-17 15:00:00', 'SELESAI'),
('PBAR9i0j1k2l3m4', 'NRb2W8VG', '4aCSBjQPd3TzFd90', NULL, 'NKnVD9E9', 500000.00, 50000.00, 13, 13, 0, 13, 121, '2026-11-25', '2025-09-20 10:15:00', NULL, '2025-09-22 14:45:00', 'SELESAI'),
('PBAR0j1k2l3m4n5', 'NRb2W8VG', '4aCSBjQPd3TzFd90', NULL, 'NKnVD9E9', 500000.00, 49000.00, 15, 15, 0, 15, 136, '2026-12-30', '2025-10-25 08:00:00', NULL, '2025-10-27 16:30:00', 'SELESAI'),
-- Barang: W8r1LuGwd932W3Zq (So Nice Sosis)
('PBAR1k2l3m4n5o6', 'NRb2W8VG', 'W8r1LuGwd932W3Zq', NULL, 'NGP9zHgE', 300000.00, 20000.00, 20, 20, 0, 20, 20, '2026-02-20', '2024-12-12 09:00:00', NULL, '2024-12-14 11:00:00', 'SELESAI'),
('PBAR2l3m4n5o6p7', 'NRb2W8VG', 'W8r1LuGwd932W3Zq', NULL, 'NGP9zHgE', 300000.00, 22000.00, 25, 25, 0, 25, 45, '2026-03-25', '2025-01-18 10:00:00', NULL, '2025-01-20 12:30:00', 'SELESAI'),
('PBAR3m4n5o6p7q8', 'NRb2W8VG', 'W8r1LuGwd932W3Zq', NULL, 'NGP9zHgE', 300000.00, 21000.00, 18, 18, 0, 18, 63, '2026-04-30', '2025-02-22 08:30:00', NULL, '2025-02-24 14:00:00', 'SELESAI'),
('PBAR4n5o6p7q8r9', 'NRb2W8VG', 'W8r1LuGwd932W3Zq', NULL, 'NGP9zHgE', 300000.00, 23000.00, 22, 22, 0, 22, 85, '2026-06-05', '2025-03-28 09:15:00', NULL, '2025-03-30 15:45:00', 'SELESAI'),
('PBAR5o6p7q8r9s0', 'NRb2W8VG', 'W8r1LuGwd932W3Zq', NULL, 'NGP9zHgE', 300000.00, 20000.00, 20, 20, 0, 20, 105, '2026-07-10', '2025-05-03 10:00:00', NULL, '2025-05-05 13:30:00', 'SELESAI'),
('PBAR6p7q8r9s0t1', 'NRb2W8VG', 'W8r1LuGwd932W3Zq', NULL, 'NGP9zHgE', 300000.00, 21000.00, 19, 19, 0, 19, 124, '2026-08-15', '2025-06-08 08:45:00', NULL, '2025-06-10 16:00:00', 'SELESAI'),
('PBAR7q8r9s0t1u2', 'NRb2W8VG', 'W8r1LuGwd932W3Zq', NULL, 'NGP9zHgE', 300000.00, 22000.00, 21, 21, 0, 21, 145, '2026-09-20', '2025-07-13 09:30:00', NULL, '2025-07-15 14:15:00', 'SELESAI'),
('PBAR8r9s0t1u2v3', 'NRb2W8VG', 'W8r1LuGwd932W3Zq', NULL, 'NGP9zHgE', 300000.00, 20000.00, 18, 18, 0, 18, 163, '2026-10-25', '2025-08-18 10:15:00', NULL, '2025-08-20 12:45:00', 'SELESAI'),
('PBAR9s0t1u2v3w4', 'NRb2W8VG', 'W8r1LuGwd932W3Zq', NULL, 'NGP9zHgE', 300000.00, 21000.00, 20, 20, 0, 20, 183, '2026-11-30', '2025-09-23 08:00:00', NULL, '2025-09-25 15:30:00', 'SELESAI'),
('PBAR0t1u2v3w4x5', 'NRb2W8VG', 'W8r1LuGwd932W3Zq', NULL, 'NGP9zHgE', 300000.00, 22000.00, 23, 23, 0, 23, 206, '2027-01-05', '2025-10-28 09:45:00', NULL, '2025-10-30 13:00:00', 'SELESAI'),
-- Tambahan PESAN_BARANG untuk simulasi penuh (Barang 1)
('PBAR1u2v3w4x5y6', 'NRb2W8VG', '4aCSBjQPd3TzFd90', NULL, 'NKnVD9E9', 500000.00, 51000.00, 14, 14, 0, 14, 150, '2027-02-10', '2024-12-20 09:00:00', NULL, '2024-12-22 15:30:00', 'SELESAI'),
('PBAR2v3w4x5y6z7', 'NRb2W8VG', '4aCSBjQPd3TzFd90', NULL, 'NKnVD9E9', 500000.00, 49000.00, 13, 13, 0, 13, 163, '2027-03-15', '2025-01-25 10:00:00', NULL, '2025-01-27 14:00:00', 'SELESAI'),
('PBAR3w4x5y6z7a8', 'NRb2W8VG', '4aCSBjQPd3TzFd90', NULL, 'NKnVD9E9', 500000.00, 50000.00, 16, 16, 0, 16, 179, '2027-04-20', '2025-02-28 08:30:00', NULL, '2025-03-02 13:45:00', 'SELESAI'),
('PBAR4x5y6z7a8b9', 'NRb2W8VG', '4aCSBjQPd3TzFd90', NULL, 'NKnVD9E9', 500000.00, 48000.00, 12, 12, 0, 12, 191, '2027-05-25', '2025-04-05 09:15:00', NULL, '2025-04-07 16:20:00', 'SELESAI'),
('PBAR5y6z7a8b9c0', 'NRb2W8VG', '4aCSBjQPd3TzFd90', NULL, 'NKnVD9E9', 500000.00, 51000.00, 15, 15, 0, 15, 206, '2027-06-30', '2025-05-10 10:00:00', NULL, '2025-05-12 14:30:00', 'SELESAI'),
('PBAR6z7a8b9c0d1', 'NRb2W8VG', '4aCSBjQPd3TzFd90', NULL, 'NKnVD9E9', 500000.00, 49000.00, 14, 14, 0, 14, 220, '2027-08-05', '2025-06-15 08:45:00', NULL, '2025-06-17 15:00:00', 'SELESAI'),
('PBAR7a8b9c0d1e2', 'NRb2W8VG', '4aCSBjQPd3TzFd90', NULL, 'NKnVD9E9', 500000.00, 50000.00, 13, 13, 0, 13, 233, '2027-09-10', '2025-07-20 09:30:00', NULL, '2025-07-22 13:45:00', 'SELESAI'),
('PBAR8b9c0d1e2f3', 'NRb2W8VG', '4aCSBjQPd3TzFd90', NULL, 'NKnVD9E9', 500000.00, 48000.00, 17, 17, 0, 17, 250, '2027-10-15', '2025-08-25 10:15:00', NULL, '2025-08-27 16:30:00', 'SELESAI'),
('PBAR9c0d1e2f3g4', 'NRb2W8VG', '4aCSBjQPd3TzFd90', NULL, 'NKnVD9E9', 500000.00, 51000.00, 12, 12, 0, 12, 262, '2027-11-20', '2025-09-30 08:00:00', NULL, '2025-10-02 14:00:00', 'SELESAI'),
('PBAR0d1e2f3g4h5', 'NRb2W8VG', '4aCSBjQPd3TzFd90', NULL, 'NKnVD9E9', 500000.00, 49000.00, 16, 16, 0, 16, 278, '2027-12-25', '2025-11-05 09:45:00', NULL, '2025-11-07 15:30:00', 'SELESAI'),
-- Tambahan PESAN_BARANG untuk simulasi penuh (Barang 2)
('PBAR1e2f3g4h5i6', 'NRb2W8VG', 'W8r1LuGwd932W3Zq', NULL, 'NGP9zHgE', 300000.00, 21000.00, 21, 21, 0, 21, 227, '2027-02-25', '2024-12-22 10:00:00', NULL, '2024-12-24 12:00:00', 'SELESAI'),
('PBAR2f3g4h5i6j7', 'NRb2W8VG', 'W8r1LuGwd932W3Zq', NULL, 'NGP9zHgE', 300000.00, 22000.00, 19, 19, 0, 19, 246, '2027-03-30', '2025-01-27 09:30:00', NULL, '2025-01-29 13:15:00', 'SELESAI'),
('PBAR3g4h5i6j7k8', 'NRb2W8VG', 'W8r1LuGwd932W3Zq', NULL, 'NGP9zHgE', 300000.00, 20000.00, 22, 22, 0, 22, 268, '2027-05-05', '2025-03-03 08:00:00', NULL, '2025-03-05 14:30:00', 'SELESAI'),
('PBAR4h5i6j7k8l9', 'NRb2W8VG', 'W8r1LuGwd932W3Zq', NULL, 'NGP9zHgE', 300000.00, 21000.00, 20, 20, 0, 20, 288, '2027-06-10', '2025-04-08 10:45:00', NULL, '2025-04-10 12:00:00', 'SELESAI'),
('PBAR5i6j7k8l9m0', 'NRb2W8VG', 'W8r1LuGwd932W3Zq', NULL, 'NGP9zHgE', 300000.00, 22000.00, 18, 18, 0, 18, 306, '2027-07-15', '2025-05-13 09:15:00', NULL, '2025-05-15 16:45:00', 'SELESAI'),
('PBAR6j7k8l9m0n1', 'NRb2W8VG', 'W8r1LuGwd932W3Zq', NULL, 'NGP9zHgE', 300000.00, 20000.00, 23, 23, 0, 23, 329, '2027-08-20', '2025-06-18 08:30:00', NULL, '2025-06-20 14:00:00', 'SELESAI'),
('PBAR7k8l9m0n1o2', 'NRb2W8VG', 'W8r1LuGwd932W3Zq', NULL, 'NGP9zHgE', 300000.00, 21000.00, 19, 19, 0, 19, 348, '2027-09-25', '2025-07-23 10:00:00', NULL, '2025-07-25 13:30:00', 'SELESAI'),
('PBAR8l9m0n1o2p3', 'NRb2W8VG', 'W8r1LuGwd932W3Zq', NULL, 'NGP9zHgE', 300000.00, 22000.00, 21, 21, 0, 21, 369, '2027-10-30', '2025-08-28 09:45:00', NULL, '2025-08-30 15:15:00', 'SELESAI'),
('PBAR9m0n1o2p3q4', 'NRb2W8VG', 'W8r1LuGwd932W3Zq', NULL, 'NGP9zHgE', 300000.00, 20000.00, 20, 20, 0, 20, 389, '2027-12-05', '2025-10-03 08:15:00', NULL, '2025-10-05 12:45:00', 'SELESAI'),
('PBAR0n1o2p3q4r5', 'NRb2W8VG', 'W8r1LuGwd932W3Zq', NULL, 'NGP9zHgE', 300000.00, 21000.00, 24, 24, 0, 24, 413, '2028-01-10', '2025-11-08 10:30:00', NULL, '2025-11-10 14:00:00', 'SELESAI');

-- 3. DATA STOCK_HISTORY TAMBAHAN (untuk Holding Cost - H)
-- Menambahkan data STOCK_HISTORY dengan SATUAN = 'DUS' untuk gudang (NRb2W8VG)
-- Data ini digunakan untuk menghitung rata-rata stok dus di gudang selama 1 tahun
-- Barang: 4aCSBjQPd3TzFd90 (Fiesta Chicken Nugget)
INSERT INTO `stock_history` (`ID_HISTORY_STOCK`, `KD_BARANG`, `KD_LOKASI`, `UPDATED_BY`, `JUMLAH_AWAL`, `JUMLAH_PERUBAHAN`, `JUMLAH_AKHIR`, `TIPE_PERUBAHAN`, `REF`, `SATUAN`, `WAKTU_CHANGE`) VALUES
-- Desember 2024 - Januari 2025 (contoh beberapa hari)
('SHIS1a2b3c4d5e6', '4aCSBjQPd3TzFd90', 'NRb2W8VG', 'GDNGj825', 0, 12, 12, 'PEMESANAN', 'PBAR1a2b3c4d5e6', 'DUS', '2024-12-12 14:30:00'),
('SHIS2b3c4d5e6f7', '4aCSBjQPd3TzFd90', 'NRb2W8VG', 'GDNGj825', 12, -4, 8, 'TRANSFER', 'cpBeCTbNTAtLtNZt', 'DUS', '2024-12-15 10:00:00'),
('SHIS3c4d5e6f7g8', '4aCSBjQPd3TzFd90', 'NRb2W8VG', 'GDNGj825', 8, 15, 23, 'PEMESANAN', 'PBAR2b3c4d5e6f7', 'DUS', '2025-01-17 16:00:00'),
('SHIS4d5e6f7g8h9', '4aCSBjQPd3TzFd90', 'NRb2W8VG', 'GDNGj825', 23, -3, 20, 'TRANSFER', 'cpBeCTbNTAtLtNZt', 'DUS', '2025-01-20 11:00:00'),
('SHIS5e6f7g8h9i0', '4aCSBjQPd3TzFd90', 'NRb2W8VG', 'GDNGj825', 20, 10, 30, 'PEMESANAN', 'PBAR3c4d5e6f7g8', 'DUS', '2025-02-22 15:30:00'),
('SHIS6f7g8h9i0j1', '4aCSBjQPd3TzFd90', 'NRb2W8VG', 'GDNGj825', 30, -2, 28, 'TRANSFER', 'cpBeCTbNTAtLtNZt', 'DUS', '2025-02-25 09:30:00'),
('SHIS7g8h9i0j1k2', '4aCSBjQPd3TzFd90', 'NRb2W8VG', 'GDNGj825', 28, 18, 46, 'PEMESANAN', 'PBAR4d5e6f7g8h9', 'DUS', '2025-03-27 13:00:00'),
('SHIS8h9i0j1k2l3', '4aCSBjQPd3TzFd90', 'NRb2W8VG', 'GDNGj825', 46, -5, 41, 'TRANSFER', 'cpBeCTbNTAtLtNZt', 'DUS', '2025-03-30 10:15:00'),
('SHIS9i0j1k2l3m4', '4aCSBjQPd3TzFd90', 'NRb2W8VG', 'GDNGj825', 41, 12, 53, 'PEMESANAN', 'PBAR5e6f7g8h9i0', 'DUS', '2025-05-02 14:45:00'),
('SHIS0j1k2l3m4n5', '4aCSBjQPd3TzFd90', 'NRb2W8VG', 'GDNGj825', 53, -3, 50, 'TRANSFER', 'cpBeCTbNTAtLtNZt', 'DUS', '2025-05-05 11:30:00'),
('SHIS1k2l3m4n5o6', '4aCSBjQPd3TzFd90', 'NRb2W8VG', 'GDNGj825', 50, 14, 64, 'PEMESANAN', 'PBAR6f7g8h9i0j1', 'DUS', '2025-06-07 16:20:00'),
('SHIS2l3m4n5o6p7', '4aCSBjQPd3TzFd90', 'NRb2W8VG', 'GDNGj825', 64, -4, 60, 'TRANSFER', 'cpBeCTbNTAtLtNZt', 'DUS', '2025-06-10 09:00:00'),
('SHIS3m4n5o6p7q8', '4aCSBjQPd3TzFd90', 'NRb2W8VG', 'GDNGj825', 60, 16, 76, 'PEMESANAN', 'PBAR7g8h9i0j1k2', 'DUS', '2025-07-12 13:30:00'),
('SHIS4n5o6p7q8r9', '4aCSBjQPd3TzFd90', 'NRb2W8VG', 'GDNGj825', 76, -2, 74, 'TRANSFER', 'cpBeCTbNTAtLtNZt', 'DUS', '2025-07-15 10:45:00'),
('SHIS5o6p7q8r9s0', '4aCSBjQPd3TzFd90', 'NRb2W8VG', 'GDNGj825', 74, 11, 85, 'PEMESANAN', 'PBAR8h9i0j1k2l3', 'DUS', '2025-08-17 15:00:00'),
('SHIS6p7q8r9s0t1', '4aCSBjQPd3TzFd90', 'NRb2W8VG', 'GDNGj825', 85, -3, 82, 'TRANSFER', 'cpBeCTbNTAtLtNZt', 'DUS', '2025-08-20 11:15:00'),
('SHIS7q8r9s0t1u2', '4aCSBjQPd3TzFd90', 'NRb2W8VG', 'GDNGj825', 82, 13, 95, 'PEMESANAN', 'PBAR9i0j1k2l3m4', 'DUS', '2025-09-22 14:45:00'),
('SHIS8r9s0t1u2v3', '4aCSBjQPd3TzFd90', 'NRb2W8VG', 'GDNGj825', 95, -5, 90, 'TRANSFER', 'cpBeCTbNTAtLtNZt', 'DUS', '2025-09-25 10:30:00'),
('SHIS9s0t1u2v3w4', '4aCSBjQPd3TzFd90', 'NRb2W8VG', 'GDNGj825', 90, 15, 105, 'PEMESANAN', 'PBAR0j1k2l3m4n5', 'DUS', '2025-10-27 16:30:00'),
('SHIS0t1u2v3w4x5', '4aCSBjQPd3TzFd90', 'NRb2W8VG', 'GDNGj825', 105, -4, 101, 'TRANSFER', 'cpBeCTbNTAtLtNZt', 'DUS', '2025-10-30 12:00:00'),
-- Barang: W8r1LuGwd932W3Zq (So Nice Sosis)
('SHIS1u2v3w4x5y6', 'W8r1LuGwd932W3Zq', 'NRb2W8VG', 'GDNGj825', 0, 20, 20, 'PEMESANAN', 'PBAR1k2l3m4n5o6', 'DUS', '2024-12-14 11:00:00'),
('SHIS2v3w4x5y6z7', 'W8r1LuGwd932W3Zq', 'NRb2W8VG', 'GDNGj825', 20, -5, 15, 'TRANSFER', 'cpBeCTbNTAtLtNZt', 'DUS', '2024-12-17 09:00:00'),
('SHIS3w4x5y6z7a8', 'W8r1LuGwd932W3Zq', 'NRb2W8VG', 'GDNGj825', 15, 25, 40, 'PEMESANAN', 'PBAR2l3m4n5o6p7', 'DUS', '2025-01-20 12:30:00'),
('SHIS4x5y6z7a8b9', 'W8r1LuGwd932W3Zq', 'NRb2W8VG', 'GDNGj825', 40, -3, 37, 'TRANSFER', 'cpBeCTbNTAtLtNZt', 'DUS', '2025-01-23 10:30:00'),
('SHIS5y6z7a8b9c0', 'W8r1LuGwd932W3Zq', 'NRb2W8VG', 'GDNGj825', 37, 18, 55, 'PEMESANAN', 'PBAR3m4n5o6p7q8', 'DUS', '2025-02-24 14:00:00'),
('SHIS6z7a8b9c0d1', 'W8r1LuGwd932W3Zq', 'NRb2W8VG', 'GDNGj825', 55, -4, 51, 'TRANSFER', 'cpBeCTbNTAtLtNZt', 'DUS', '2025-02-27 11:00:00'),
('SHIS7a8b9c0d1e2', 'W8r1LuGwd932W3Zq', 'NRb2W8VG', 'GDNGj825', 51, 22, 73, 'PEMESANAN', 'PBAR4n5o6p7q8r9', 'DUS', '2025-03-30 15:45:00'),
('SHIS8b9c0d1e2f3', 'W8r1LuGwd932W3Zq', 'NRb2W8VG', 'GDNGj825', 73, -2, 71, 'TRANSFER', 'cpBeCTbNTAtLtNZt', 'DUS', '2025-04-02 09:45:00'),
('SHIS9c0d1e2f3g4', 'W8r1LuGwd932W3Zq', 'NRb2W8VG', 'GDNGj825', 71, 20, 91, 'PEMESANAN', 'PBAR5o6p7q8r9s0', 'DUS', '2025-05-05 13:30:00'),
('SHIS0d1e2f3g4h5', 'W8r1LuGwd932W3Zq', 'NRb2W8VG', 'GDNGj825', 91, -3, 88, 'TRANSFER', 'cpBeCTbNTAtLtNZt', 'DUS', '2025-05-08 10:15:00'),
('SHIS1e2f3g4h5i6', 'W8r1LuGwd932W3Zq', 'NRb2W8VG', 'GDNGj825', 88, 19, 107, 'PEMESANAN', 'PBAR6p7q8r9s0t1', 'DUS', '2025-06-10 16:00:00'),
('SHIS2f3g4h5i6j7', 'W8r1LuGwd932W3Zq', 'NRb2W8VG', 'GDNGj825', 107, -4, 103, 'TRANSFER', 'cpBeCTbNTAtLtNZt', 'DUS', '2025-06-13 11:30:00'),
('SHIS3g4h5i6j7k8', 'W8r1LuGwd932W3Zq', 'NRb2W8VG', 'GDNGj825', 103, 21, 124, 'PEMESANAN', 'PBAR7q8r9s0t1u2', 'DUS', '2025-07-15 14:15:00'),
('SHIS4h5i6j7k8l9', 'W8r1LuGwd932W3Zq', 'NRb2W8VG', 'GDNGj825', 124, -2, 122, 'TRANSFER', 'cpBeCTbNTAtLtNZt', 'DUS', '2025-07-18 09:00:00'),
('SHIS5i6j7k8l9m0', 'W8r1LuGwd932W3Zq', 'NRb2W8VG', 'GDNGj825', 122, 18, 140, 'PEMESANAN', 'PBAR8r9s0t1u2v3', 'DUS', '2025-08-20 12:45:00'),
('SHIS6j7k8l9m0n1', 'W8r1LuGwd932W3Zq', 'NRb2W8VG', 'GDNGj825', 140, -3, 137, 'TRANSFER', 'cpBeCTbNTAtLtNZt', 'DUS', '2025-08-23 10:45:00'),
('SHIS7k8l9m0n1o2', 'W8r1LuGwd932W3Zq', 'NRb2W8VG', 'GDNGj825', 137, 20, 157, 'PEMESANAN', 'PBAR9s0t1u2v3w4', 'DUS', '2025-09-25 15:30:00'),
('SHIS8l9m0n1o2p3', 'W8r1LuGwd932W3Zq', 'NRb2W8VG', 'GDNGj825', 157, -5, 152, 'TRANSFER', 'cpBeCTbNTAtLtNZt', 'DUS', '2025-09-28 11:15:00'),
('SHIS9m0n1o2p3q4', 'W8r1LuGwd932W3Zq', 'NRb2W8VG', 'GDNGj825', 152, 23, 175, 'PEMESANAN', 'PBAR0t1u2v3w4x5', 'DUS', '2025-10-30 13:00:00'),
('SHIS0n1o2p3q4r5', 'W8r1LuGwd932W3Zq', 'NRb2W8VG', 'GDNGj825', 175, -4, 171, 'TRANSFER', 'cpBeCTbNTAtLtNZt', 'DUS', '2025-11-02 12:30:00'),
-- Tambahan STOCK_HISTORY untuk simulasi penuh setahun (Barang 1 - distribusi lebih merata)
('SHIS1o2p3q4r5s6', '4aCSBjQPd3TzFd90', 'NRb2W8VG', 'GDNGj825', 101, 14, 115, 'PEMESANAN', 'PBAR1u2v3w4x5y6', 'DUS', '2024-12-22 15:30:00'),
('SHIS2p3q4r5s6t7', '4aCSBjQPd3TzFd90', 'NRb2W8VG', 'GDNGj825', 115, -3, 112, 'TRANSFER', 'cpBeCTbNTAtLtNZt', 'DUS', '2024-12-25 10:00:00'),
('SHIS3q4r5s6t7u8', '4aCSBjQPd3TzFd90', 'NRb2W8VG', 'GDNGj825', 112, 13, 125, 'PEMESANAN', 'PBAR2v3w4x5y6z7', 'DUS', '2025-01-27 14:00:00'),
('SHIS4r5s6t7u8v9', '4aCSBjQPd3TzFd90', 'NRb2W8VG', 'GDNGj825', 125, -4, 121, 'TRANSFER', 'cpBeCTbNTAtLtNZt', 'DUS', '2025-01-30 11:00:00'),
('SHIS5s6t7u8v9w0', '4aCSBjQPd3TzFd90', 'NRb2W8VG', 'GDNGj825', 121, 16, 137, 'PEMESANAN', 'PBAR3w4x5y6z7a8', 'DUS', '2025-03-02 13:45:00'),
('SHIS6t7u8v9w0x1', '4aCSBjQPd3TzFd90', 'NRb2W8VG', 'GDNGj825', 137, -2, 135, 'TRANSFER', 'cpBeCTbNTAtLtNZt', 'DUS', '2025-03-05 09:30:00'),
('SHIS7u8v9w0x1y2', '4aCSBjQPd3TzFd90', 'NRb2W8VG', 'GDNGj825', 135, 12, 147, 'PEMESANAN', 'PBAR4x5y6z7a8b9', 'DUS', '2025-04-07 16:20:00'),
('SHIS8v9w0x1y2z3', '4aCSBjQPd3TzFd90', 'NRb2W8VG', 'GDNGj825', 147, -5, 142, 'TRANSFER', 'cpBeCTbNTAtLtNZt', 'DUS', '2025-04-10 12:00:00'),
('SHIS9w0x1y2z3a4', '4aCSBjQPd3TzFd90', 'NRb2W8VG', 'GDNGj825', 142, 15, 157, 'PEMESANAN', 'PBAR5y6z7a8b9c0', 'DUS', '2025-05-12 14:30:00'),
('SHIS0x1y2z3a4b5', '4aCSBjQPd3TzFd90', 'NRb2W8VG', 'GDNGj825', 157, -3, 154, 'TRANSFER', 'cpBeCTbNTAtLtNZt', 'DUS', '2025-05-15 10:45:00'),
('SHIS1y2z3a4b5c6', '4aCSBjQPd3TzFd90', 'NRb2W8VG', 'GDNGj825', 154, 14, 168, 'PEMESANAN', 'PBAR6z7a8b9c0d1', 'DUS', '2025-06-17 15:00:00'),
('SHIS2z3a4b5c6d7', '4aCSBjQPd3TzFd90', 'NRb2W8VG', 'GDNGj825', 168, -4, 164, 'TRANSFER', 'cpBeCTbNTAtLtNZt', 'DUS', '2025-06-20 11:30:00'),
('SHIS3a4b5c6d7e8', '4aCSBjQPd3TzFd90', 'NRb2W8VG', 'GDNGj825', 164, 13, 177, 'PEMESANAN', 'PBAR7a8b9c0d1e2', 'DUS', '2025-07-22 13:45:00'),
('SHIS4b5c6d7e8f9', '4aCSBjQPd3TzFd90', 'NRb2W8VG', 'GDNGj825', 177, -2, 175, 'TRANSFER', 'cpBeCTbNTAtLtNZt', 'DUS', '2025-07-25 09:00:00'),
('SHIS5c6d7e8f9g0', '4aCSBjQPd3TzFd90', 'NRb2W8VG', 'GDNGj825', 175, 17, 192, 'PEMESANAN', 'PBAR8b9c0d1e2f3', 'DUS', '2025-08-27 16:30:00'),
('SHIS6d7e8f9g0h1', '4aCSBjQPd3TzFd90', 'NRb2W8VG', 'GDNGj825', 192, -3, 189, 'TRANSFER', 'cpBeCTbNTAtLtNZt', 'DUS', '2025-08-30 12:15:00'),
('SHIS7e8f9g0h1i2', '4aCSBjQPd3TzFd90', 'NRb2W8VG', 'GDNGj825', 189, 12, 201, 'PEMESANAN', 'PBAR9c0d1e2f3g4', 'DUS', '2025-10-02 14:00:00'),
('SHIS8f9g0h1i2j3', '4aCSBjQPd3TzFd90', 'NRb2W8VG', 'GDNGj825', 201, -5, 196, 'TRANSFER', 'cpBeCTbNTAtLtNZt', 'DUS', '2025-10-05 10:30:00'),
('SHIS9g0h1i2j3k4', '4aCSBjQPd3TzFd90', 'NRb2W8VG', 'GDNGj825', 196, 16, 212, 'PEMESANAN', 'PBAR0d1e2f3g4h5', 'DUS', '2025-11-07 15:30:00'),
('SHIS0h1i2j3k4l5', '4aCSBjQPd3TzFd90', 'NRb2W8VG', 'GDNGj825', 212, -4, 208, 'TRANSFER', 'cpBeCTbNTAtLtNZt', 'DUS', '2025-11-10 11:00:00'),
-- Tambahan STOCK_HISTORY untuk simulasi penuh setahun (Barang 2 - distribusi lebih merata)
('SHIS1i2j3k4l5m6', 'W8r1LuGwd932W3Zq', 'NRb2W8VG', 'GDNGj825', 171, 21, 192, 'PEMESANAN', 'PBAR1e2f3g4h5i6', 'DUS', '2024-12-24 12:00:00'),
('SHIS2j3k4l5m6n7', 'W8r1LuGwd932W3Zq', 'NRb2W8VG', 'GDNGj825', 192, -3, 189, 'TRANSFER', 'cpBeCTbNTAtLtNZt', 'DUS', '2024-12-27 09:30:00'),
('SHIS3k4l5m6n7o8', 'W8r1LuGwd932W3Zq', 'NRb2W8VG', 'GDNGj825', 189, 19, 208, 'PEMESANAN', 'PBAR2f3g4h5i6j7', 'DUS', '2025-01-29 13:15:00'),
('SHIS4l5m6n7o8p9', 'W8r1LuGwd932W3Zq', 'NRb2W8VG', 'GDNGj825', 208, -4, 204, 'TRANSFER', 'cpBeCTbNTAtLtNZt', 'DUS', '2025-02-01 10:00:00'),
('SHIS5m6n7o8p9q0', 'W8r1LuGwd932W3Zq', 'NRb2W8VG', 'GDNGj825', 204, 22, 226, 'PEMESANAN', 'PBAR3g4h5i6j7k8', 'DUS', '2025-03-05 14:30:00'),
('SHIS6n7o8p9q0r1', 'W8r1LuGwd932W3Zq', 'NRb2W8VG', 'GDNGj825', 226, -2, 224, 'TRANSFER', 'cpBeCTbNTAtLtNZt', 'DUS', '2025-03-08 11:15:00'),
('SHIS7o8p9q0r1s2', 'W8r1LuGwd932W3Zq', 'NRb2W8VG', 'GDNGj825', 224, 20, 244, 'PEMESANAN', 'PBAR4h5i6j7k8l9', 'DUS', '2025-04-10 12:00:00'),
('SHIS8p9q0r1s2t3', 'W8r1LuGwd932W3Zq', 'NRb2W8VG', 'GDNGj825', 244, -3, 241, 'TRANSFER', 'cpBeCTbNTAtLtNZt', 'DUS', '2025-04-13 09:45:00'),
('SHIS9q0r1s2t3u4', 'W8r1LuGwd932W3Zq', 'NRb2W8VG', 'GDNGj825', 241, 18, 259, 'PEMESANAN', 'PBAR5i6j7k8l9m0', 'DUS', '2025-05-15 16:45:00'),
('SHIS0r1s2t3u4v5', 'W8r1LuGwd932W3Zq', 'NRb2W8VG', 'GDNGj825', 259, -5, 254, 'TRANSFER', 'cpBeCTbNTAtLtNZt', 'DUS', '2025-05-18 12:30:00'),
('SHIS1s2t3u4v5w6', 'W8r1LuGwd932W3Zq', 'NRb2W8VG', 'GDNGj825', 254, 23, 277, 'PEMESANAN', 'PBAR6j7k8l9m0n1', 'DUS', '2025-06-20 14:00:00'),
('SHIS2t3u4v5w6x7', 'W8r1LuGwd932W3Zq', 'NRb2W8VG', 'GDNGj825', 277, -4, 273, 'TRANSFER', 'cpBeCTbNTAtLtNZt', 'DUS', '2025-06-23 10:00:00'),
('SHIS3u4v5w6x7y8', 'W8r1LuGwd932W3Zq', 'NRb2W8VG', 'GDNGj825', 273, 19, 292, 'PEMESANAN', 'PBAR7k8l9m0n1o2', 'DUS', '2025-07-25 13:30:00'),
('SHIS4v5w6x7y8z9', 'W8r1LuGwd932W3Zq', 'NRb2W8VG', 'GDNGj825', 292, -2, 290, 'TRANSFER', 'cpBeCTbNTAtLtNZt', 'DUS', '2025-07-28 11:45:00'),
('SHIS5w6x7y8z9a0', 'W8r1LuGwd932W3Zq', 'NRb2W8VG', 'GDNGj825', 290, 21, 311, 'PEMESANAN', 'PBAR8l9m0n1o2p3', 'DUS', '2025-08-30 15:15:00'),
('SHIS6x7y8z9a0b1', 'W8r1LuGwd932W3Zq', 'NRb2W8VG', 'GDNGj825', 311, -3, 308, 'TRANSFER', 'cpBeCTbNTAtLtNZt', 'DUS', '2025-09-02 12:00:00'),
('SHIS7y8z9a0b1c2', 'W8r1LuGwd932W3Zq', 'NRb2W8VG', 'GDNGj825', 308, 20, 328, 'PEMESANAN', 'PBAR9m0n1o2p3q4', 'DUS', '2025-10-05 12:45:00'),
('SHIS8z9a0b1c2d3', 'W8r1LuGwd932W3Zq', 'NRb2W8VG', 'GDNGj825', 328, -4, 324, 'TRANSFER', 'cpBeCTbNTAtLtNZt', 'DUS', '2025-10-08 09:30:00'),
('SHIS9a0b1c2d3e4', 'W8r1LuGwd932W3Zq', 'NRb2W8VG', 'GDNGj825', 324, 24, 348, 'PEMESANAN', 'PBAR0n1o2p3q4r5', 'DUS', '2025-11-10 14:00:00'),
('SHIS0b1c2d3e4f5', 'W8r1LuGwd932W3Zq', 'NRb2W8VG', 'GDNGj825', 348, -5, 343, 'TRANSFER', 'cpBeCTbNTAtLtNZt', 'DUS', '2025-11-13 11:15:00');



