ID_DETAIL_TRANSFER_BARANG_BATCH,ID_DETAIL_TRANSFER_BARANG,ID_PESAN_BARANG,JUMLAH_PESAN_TRANSFER_BATCH_DUS,JUMLAH_KIRIM_DUS,JUMLAH_TIBA_DUS,JUMLAH_DITOLAK_DUS,JUMLAH_MASUK_DUS
DTFBD7C341A4340A,DTFR1A26A35E3214,PSBG5CB43758B255,21,21,21,0,21
DTFBAD9F663F8886,DTFR7DB4B3304096,PSBG5CB43758B255,21,21,21,0,21
DTFBC7B72B91504F,DTFR412447A5E216,PSBG5CB43758B255,21,21,21,0,21
DTFB1D64770917B7,DTFRC2B3C88FF169,PSBG5CB43758B255,21,21,21,0,21
DTFBD0C6152CAA84,DTFR62408620DEC4,PSBG5CB43758B255,21,21,21,0,21
DTFB321196AF4017,DTFR4509A386397F,PSBG5CB43758B255,5,5,5,0,5
DTFB815E42958753,DTFR4509A386397F,PSBG3C3A9DCDB1AB,16,16,16,0,16
DTFBEB1E857FA4CC,DTFR557FD0E432DE,PSBG3C3A9DCDB1AB,21,21,21,0,21
DTFBFEE25D03776A,DTFR96A895332B37,PSBG3C3A9DCDB1AB,21,21,21,0,21
DTFBA2694E3CC465,DTFR1D08AAEB4B35,PSBG3C3A9DCDB1AB,21,21,21,0,21
DTFBCC417BD4F031,DTFR64EF44B00665,PSBG3C3A9DCDB1AB,21,21,21,0,21
DTFB43700F01C9A0,DTFR9D567FB394B0,PSBG3C3A9DCDB1AB,5,5,5,0,5
DTFBFE35765C50E2,DTFR9D567FB394B0,PSBG6669C143560B,16,16,16,0,16
DTFBE5241A30BC25,DTFR410C911FF62A,PSBG6669C143560B,21,21,21,0,21
DTFB96F8F3E72CBD,DTFR359ED21158A3,PSBG6669C143560B,21,21,21,0,21
DTFB41945930ED03,DTFRB6C95127991F,PSBG6669C143560B,21,21,21,0,21
DTFB1D6541D171DA,DTFR00C087C5827E,PSBG6669C143560B,21,21,21,0,21
DTFB6848675358E3,DTFR7040C641DC8E,PSBG6669C143560B,5,5,5,0,5
DTFB3337DC9E7D16,DTFR7040C641DC8E,PSBGD1F221511028,16,16,16,0,16
DTFB0218A85CD079,DTFRDF48B73BF1AD,PSBGD1F221511028,21,21,21,0,21
DTFBB3A0274E6531,DTFR3A9ECEEB9B7E,PSBGD1F221511028,21,21,21,0,21
DTFB5DCC5BDA8956,DTFRFE8D7BB53261,PSBGD1F221511028,21,21,21,0,21
DTFB6D109035922B,DTFRFE2370EAE1EB,PSBGD1F221511028,21,21,21,0,21
DTFB7F42EB24AA32,DTFRCE06A0AA5B99,PSBGDE22F34DE149,21,21,21,0,21
DTFBE038FA101EE9,DTFR6F90FC69B641,PSBGDE22F34DE149,21,21,21,0,21
DTFBFDE679862CB3,DTFR8B9C09771EA6,PSBGDE22F34DE149,21,21,21,0,21
DTFB008E24890F7C,DTFR9C653DC3DDAD,PSBGDE22F34DE149,21,21,21,0,21
DTFBDA7C6A6C7221,DTFRD1C0E30A4862,PSBGDE22F34DE149,21,21,21,0,21
DTFB5BDD3B8CB829,DTFR50F90199FFE8,PSBG7FC018C91F93,21,21,21,0,21
DTFB6E588B3540D0,DTFR561A5A8FB855,PSBG7FC018C91F93,21,21,21,0,21
DTFB8E8E0A997EB2,DTFRA71CD89D93F6,PSBG7FC018C91F93,21,21,21,0,21
DTFB3D327E5E985B,DTFR13ADB4C37EB3,PSBG7FC018C91F93,21,21,21,0,21
DTFB654F784479F2,DTFR783FFF5FD167,PSBG7FC018C91F93,21,21,21,0,21
DTFBA6ED8798AF6F,DTFRD343FA015B4B,PSBG807523F1363F,21,21,21,0,21
DTFBE42B4A795FEE,DTFRFB2555B40D84,PSBG807523F1363F,21,21,21,0,21
DTFB4E72203DF814,DTFR908FA74A81AF,PSBG807523F1363F,21,21,21,0,21
DTFB879EECBE9CAA,DTFR87833DC67B64,PSBG807523F1363F,21,21,21,0,21
DTFBCF4728E18FA0,DTFRDFE9A50D1A10,PSBG807523F1363F,21,21,21,0,21
DTFBB58D8265D2F3,DTFR6335E198A8A9,PSBG112AC1BE68AC,21,21,21,0,21
DTFBCF0B2B74B4BA,DTFRC29F7FB31E3D,PSBG112AC1BE68AC,21,21,21,0,21
DTFB250E789A48DF,DTFRC76071D318D4,PSBG112AC1BE68AC,21,21,21,0,21
DTFB13BB15247780,DTFR14E1E82C4CB7,PSBG112AC1BE68AC,21,21,21,0,21
DTFB76FF6DD60872,DTFR6B65B68615DD,PSBG112AC1BE68AC,21,21,21,0,21
DTFB3FC13B21DBD1,DTFR8D88233A698D,PSBGFA4C97B4DCAE,21,21,21,0,21
DTFBA9484C7A4E12,DTFR0E8CD3444125,PSBGFA4C97B4DCAE,21,21,21,0,21
DTFBB1C8D2D42716,DTFR95646BC91E2E,PSBGFA4C97B4DCAE,20,20,20,0,20
DTFB352B7BF9F02D,DTFRB9C314DD2BF1,PSBGFA4C97B4DCAE,21,21,21,0,21
DTFBEAE229FA9E6A,DTFR62468726FACC,PSBGFA4C97B4DCAE,21,21,21,0,21
DTFB9C43D5ABDE00,DTFR1D34B3B3EBC9,PSBGB24E17018F68,21,21,21,0,21
DTFB40A74A485B08,DTFRA1E7A9B4593C,PSBGB24E17018F68,21,21,21,0,21
DTFBEE9FA62BD8C7,DTFRADA2AC003937,PSBGB24E17018F68,20,20,20,0,20
DTFBA7B8F0B91632,DTFRF78FF24A79BF,PSBGB24E17018F68,21,21,21,0,21
DTFB7565FBBD864D,DTFRF475CE9D6BEC,PSBGB24E17018F68,21,21,21,0,21
DTFB0D162AAE0644,DTFR00ABD371A17C,PSBG28E13CC5DA40,21,21,21,0,21
DTFBC50D677C57CC,DTFR75CEA26D1E02,PSBG28E13CC5DA40,21,21,21,0,21
DTFB3520CD552EC9,DTFR962D552D0E01,PSBG28E13CC5DA40,21,21,21,0,21
DTFB44ADB6FCEB52,DTFR0B44BE0A660E,PSBG28E13CC5DA40,21,21,21,0,21
DTFB527374B32AC9,DTFRA3BC9CBA750C,PSBG28E13CC5DA40,20,20,20,0,20
DTFBE7F869505C33,DTFRA3BC9CBA750C,PSBGFA4C97B4DCAE,1,1,1,0,1
DTFB426ECA20BBDB,DTFRCF65BFA9A394,PSBGD1F221511028,5,5,5,0,5
DTFB5C21E5D4C567,DTFRCF65BFA9A394,PSBG1E7A66421DB5,16,16,16,0,16
DTFBA0372AE119A7,DTFRE29753226E1A,PSBG1E7A66421DB5,20,20,20,0,20
DTFB8E2DCBDEE1CA,DTFR56CA2AA949A8,PSBG1E7A66421DB5,21,21,21,0,21
DTFBA62E0604D0FF,DTFR20B48BA59C9A,PSBG1E7A66421DB5,21,21,21,0,21
DTFBF3BC28057097,DTFR12948DD4C601,PSBG1E7A66421DB5,21,21,21,0,21
DTFB492EA2C21078,DTFRB903C4A2E8F7,PSBG4A4CFBC3CFC1,21,21,21,0,21
DTFB207D220676C8,DTFR9C4D1820CDA4,PSBG4A4CFBC3CFC1,21,21,21,0,21
DTFBABA9FF368ACA,DTFRA14368E81B08,PSBG4A4CFBC3CFC1,21,21,21,0,21
DTFB472CF43D47C3,DTFRE201F21DC012,PSBG4A4CFBC3CFC1,21,21,21,0,21
DTFB56EC16B2AFFA,DTFREDB365544821,PSBG4A4CFBC3CFC1,20,20,20,0,20
DTFB359F2FA3152B,DTFREDB365544821,PSBG1E7A66421DB5,1,1,1,0,1
DTFBC8E915402FDE,DTFR4E65B33A4701,PSBG5101FA65F419,21,21,21,0,21
DTFBF80CAE49907D,DTFR4CF705E7E839,PSBG5101FA65F419,21,21,21,0,21
DTFB8D6A8A7C3C7D,DTFRE197053C31BE,PSBG5101FA65F419,21,21,21,0,21
DTFBCC5257A120AC,DTFR41FEA2A16320,PSBG5101FA65F419,21,21,21,0,21
DTFB91253E524CBD,DTFR11D77FEEF44A,PSBG5101FA65F419,21,21,21,0,21
DTFBA60A8B9BAE3B,DTFR9884FD2BF8BC,PSBG4164F4656BEC,21,21,21,0,21
DTFBE18CCCA17490,DTFRDE50781D18FC,PSBG4164F4656BEC,21,21,21,0,21
DTFB765F36E9DA5D,DTFR2E00B75B81A0,PSBG4164F4656BEC,20,20,20,0,20
DTFBF901FDC04674,DTFR9270762CF824,PSBG4164F4656BEC,21,21,21,0,21
DTFB151828280B57,DTFR571DCF93FE15,PSBG4164F4656BEC,21,21,21,0,21
DTFB020B1BAC8660,DTFRFDE88F31FA61,PSBG537A3135BCCE,21,21,21,0,21
DTFB9002E01A87E7,DTFR557BEB21F8FC,PSBG537A3135BCCE,21,21,21,0,21
DTFBED3331213D6F,DTFR9562E09E34F7,PSBG537A3135BCCE,21,21,21,0,21
DTFB904161AB5903,DTFR8D18A4B914F5,PSBG537A3135BCCE,21,21,21,0,21
DTFB4E0EF0373B65,DTFR95C1EAD7B8DB,PSBG537A3135BCCE,20,20,20,0,20
DTFBCC7687AB6013,DTFR95C1EAD7B8DB,PSBG4164F4656BEC,1,1,1,0,1
DTFBD49BD5AE7DC3,DTFR9E0769667F26,PSBG52EF24F23145,21,21,21,0,21
DTFB39C0ACE6CE3D,DTFR55472C9A5AE3,PSBG52EF24F23145,21,21,21,0,21
DTFBE74305FD5BCC,DTFRAA08069E4AC2,PSBG52EF24F23145,21,21,21,0,21
DTFBC54227252F41,DTFRDB02ADB383D0,PSBG52EF24F23145,21,21,21,0,21
DTFB50CAC0212CCC,DTFR24563CF07EAB,PSBG52EF24F23145,21,21,21,0,21
DTFB951378D2F51F,DTFRC520DE9374EF,PSBG470C183E6D84,21,21,21,0,21
DTFBFFD58E4095FE,DTFRE9300A48E48C,PSBG470C183E6D84,21,21,21,0,21
DTFBDF9B6698CAE5,DTFRA148FB60F942,PSBG470C183E6D84,21,21,21,0,21
DTFB641A4DDC71B7,DTFR3967C22E7B8B,PSBG470C183E6D84,21,21,21,0,21
DTFB92148F34A318,DTFRA9B463211C9D,PSBG470C183E6D84,21,21,21,0,21
DTFB00B6806C7DD3,DTFR2C53E79BD39D,PSBG1E7A66421DB5,5,5,5,0,5
DTFBF91DA3FF19ED,DTFR2C53E79BD39D,PSBG117EC850B1CB,16,16,16,0,16
DTFB2112DC3354B8,DTFR8C8E6E8E7CA3,PSBG117EC850B1CB,21,21,21,0,21
DTFBC4C5BBD1FC8D,DTFRA143A6C84702,PSBG117EC850B1CB,21,21,21,0,21
DTFB29D3B60CC65D,DTFR32740A2A7A0E,PSBG117EC850B1CB,21,21,21,0,21
DTFBAB7BB3726669,DTFRF584E6D5AAF7,PSBG117EC850B1CB,21,21,21,0,21
DTFB112C0BDD9CE6,DTFRDFF5F47219D4,PSBG9F65A3B1CFBD,21,21,21,0,21
DTFBC7C719B75960,DTFR0201E4343331,PSBG9F65A3B1CFBD,20,20,20,0,20
DTFB9D85F152E536,DTFRE7DB428D4F3B,PSBG9F65A3B1CFBD,21,21,21,0,21
DTFB57166334F41C,DTFR2F4A80239CE1,PSBG9F65A3B1CFBD,21,21,21,0,21
DTFB0716B375717A,DTFRC823901DB5E4,PSBG9F65A3B1CFBD,21,21,21,0,21
DTFB62FC17EC4478,DTFR077D0A9EB419,PSBG8B8AF1228DD8,21,21,21,0,21
DTFB37F7ED15C020,DTFR664D987B960E,PSBG8B8AF1228DD8,21,21,21,0,21
DTFB34A392CC1454,DTFR1C413D5B970E,PSBG8B8AF1228DD8,21,21,21,0,21
DTFBD713E8779CFC,DTFR01F63B371488,PSBG8B8AF1228DD8,21,21,21,0,21
DTFBAFB1B3F48439,DTFR44AEDF4F6B3A,PSBG8B8AF1228DD8,20,20,20,0,20
DTFB77476FB85312,DTFR44AEDF4F6B3A,PSBG9F65A3B1CFBD,1,1,1,0,1
DTFB7F1EDB1D39E7,DTFR9A7D2BFEC2EC,PSBG4073B97A45F0,21,21,21,0,21
DTFB59CECBFDB0B4,DTFR79E880B667FD,PSBG4073B97A45F0,21,21,21,0,21
DTFBFBDF043C5AF4,DTFRFD213F92DF62,PSBG4073B97A45F0,21,21,21,0,21
DTFBA58BA68CE0C7,DTFR6EAA2859673F,PSBG4073B97A45F0,21,21,21,0,21
DTFB980DF5E366E8,DTFR797F10B24203,PSBG4073B97A45F0,21,21,21,0,21
DTFB91FAA855A6BF,DTFRF195866D35CB,PSBG8E7358AD5DE9,21,21,21,0,21
DTFB5003C9356194,DTFRA150DBCACDD2,PSBG8E7358AD5DE9,21,21,21,0,21
DTFB8F703143A2EF,DTFRD1229543F53B,PSBG8E7358AD5DE9,21,21,21,0,21
DTFB71112267049C,DTFR11934087F6DC,PSBG8E7358AD5DE9,21,21,21,0,21
DTFB1F118E4A01E0,DTFR317393511FDF,PSBG8E7358AD5DE9,21,21,21,0,21
DTFB895E19D7CFE9,DTFRFD3FFB976415,PSBG1B167D9BA922,21,21,21,0,21
DTFBDF0C9A4283FA,DTFRF5E4F67B8EB6,PSBG1B167D9BA922,21,21,21,0,21
DTFB78D8880BD7EF,DTFRE6887C2C9DBC,PSBG1B167D9BA922,21,21,21,0,21
DTFB4F0CCDFAEE70,DTFR7F7546446246,PSBG1B167D9BA922,21,21,21,0,21
DTFBB1F8299939BD,DTFR06F1188B3D68,PSBG1B167D9BA922,21,21,21,0,21
DTFBAD43ED7DFFFA,DTFRA341915CFE18,PSBGD6C6D30C5F73,21,21,21,0,21
DTFB330A5FAC5B53,DTFR6A5F532F5608,PSBGD6C6D30C5F73,21,21,21,0,21
DTFBED19CA03D2AF,DTFR9CAB08ABDDCA,PSBGD6C6D30C5F73,21,21,21,0,21
DTFBF7917126187B,DTFR3DE34232C14F,PSBGD6C6D30C5F73,21,21,21,0,21
DTFB25BE222153C8,DTFRAD2CBF519FA9,PSBGD6C6D30C5F73,21,21,21,0,21
DTFB3CD5BCF9C63E,DTFRC0E37B229A89,PSBG4853288E1EE0,21,21,21,0,21
DTFB9741E0AC1748,DTFR318DFF2AF0E3,PSBG4853288E1EE0,21,21,21,0,21
DTFB3BBF78042E2F,DTFREF6A01F9FAA5,PSBG4853288E1EE0,21,21,21,0,21
DTFB90AD34D58FFD,DTFRFC70C1B80536,PSBG4853288E1EE0,21,21,21,0,21
DTFB8CE313CC830F,DTFR1E73E30432AE,PSBG4853288E1EE0,21,21,21,0,21
DTFBBC2651225553,DTFR6BAB64B4AE26,PSBGEA5C448870A3,21,21,21,0,21
DTFB276664CE4415,DTFR51EE28754560,PSBGEA5C448870A3,21,21,21,0,21
DTFBD1E0D51565C6,DTFR3A5801238156,PSBGEA5C448870A3,21,21,21,0,21
DTFB2F9995FEB656,DTFR376F17D824E4,PSBGEA5C448870A3,21,21,21,0,21
DTFBBF14F435F30B,DTFR2ED82CCCBEC6,PSBGEA5C448870A3,21,21,21,0,21
DTFBA8CF31EB1D08,DTFR3F84D990F461,PSBGCCEAD25B8B91,21,21,21,0,21
DTFB0835C78F8A3E,DTFR2188BA4A30F9,PSBGCCEAD25B8B91,21,21,21,0,21
DTFB4447F4FD7BCB,DTFR688CE320EC40,PSBGCCEAD25B8B91,21,21,21,0,21
DTFB8498C0C98B22,DTFREE9D08D1F6BD,PSBGCCEAD25B8B91,21,21,21,0,21
DTFB27C69E510EED,DTFR1DC43E7795C5,PSBGCCEAD25B8B91,21,21,21,0,21
DTFBFF30329D4C51,DTFRFBABDD208950,PSBG6A047C636C83,21,21,21,0,21
DTFB55B02B0BDD82,DTFRC5D247C7382A,PSBG6A047C636C83,21,21,21,0,21
DTFBFC64F5B13D7B,DTFR7B11C7F1B13E,PSBG6A047C636C83,21,21,21,0,21
DTFB3F5F60D159A2,DTFR187833899477,PSBG6A047C636C83,21,21,21,0,21
DTFB030F4FDE4770,DTFRA76207F374F9,PSBG6A047C636C83,21,21,21,0,21
DTFB349169B0EABB,DTFR39417C5C0BD7,PSBG44EBB69AC555,21,21,21,0,21
DTFBFF9587E26DB9,DTFR1412A16A7AED,PSBG44EBB69AC555,21,21,21,0,21
DTFBD9F149A44C05,DTFRE02D1D8E6841,PSBG44EBB69AC555,21,21,21,0,21
DTFB4253F086E772,DTFR2BE67A6F3CA7,PSBG44EBB69AC555,21,21,21,0,21
DTFB4CC0E8E92798,DTFR8DE3FC40E0BF,PSBG44EBB69AC555,21,21,21,0,21
DTFBCE6FA5973172,DTFRCFC719BB6EA8,PSBG406B698CB16D,21,21,21,0,21
DTFBF25C6F1DE81C,DTFR8DF58DBC5113,PSBG406B698CB16D,21,21,21,0,21
DTFBB2A47CA07DD1,DTFRCCAC1373D2D2,PSBG406B698CB16D,21,21,21,0,21
DTFBA04CA5B80D04,DTFR0F10CDE25CE3,PSBG406B698CB16D,21,21,21,0,21
DTFB3B3E85E11F08,DTFRD378690C146E,PSBG406B698CB16D,21,21,21,0,21
DTFBA7A50DBE42E3,DTFR02F084B30E9D,PSBG06A798C6C600,21,21,21,0,21
DTFBEC187B942E82,DTFRF7A1E84D9937,PSBG06A798C6C600,21,21,21,0,21
DTFB2006C3662BBF,DTFR59C986257FF8,PSBG06A798C6C600,21,21,21,0,21
DTFBD9D8DD30AAF4,DTFR6FF6C5C1E505,PSBG06A798C6C600,21,21,21,0,21
DTFBDCDA4753B268,DTFR2990FACA0CC0,PSBG06A798C6C600,21,21,21,0,21
DTFB400D3B07954B,DTFR316FED544583,PSBG1B922738E060,21,21,21,0,21
DTFB05A19D41CDBC,DTFR8712CE23FD98,PSBG1B922738E060,21,21,21,0,21
DTFBF0B8ACFA3F97,DTFR344B5609826F,PSBG1B922738E060,21,21,21,0,21
DTFB3B24246F1461,DTFRB40F09DFA821,PSBG1B922738E060,21,21,21,0,21
